base_stat_total,capture_rate,hatch_counter,physical_total,special_total,offensive_total,defensive_total
-0.9731281251233505,-0.6642721574262903,-0.35944388779223346,-1.0294450566199027,-0.21148081122461165,-0.8404572082820649,-0.8471217109381852
-0.20127477271538832,-0.6642721574262903,-0.35944388779223346,-0.4952261940293194,0.4052713649093803,-0.1926684657136539,-0.15556248995326083
0.8633505409507665,-0.6642721574262903,-0.35944388779223346,0.29620915795672986,1.227607599754703,0.7112228029864545,0.7874728113898178
-1.0529750236483122,-0.6642721574262903,-0.35944388779223346,-1.0888027080188565,-0.622648928647273,-0.5692898276720324,-1.2714875965425705
-0.20127477271538832,-0.6642721574262903,-0.35944388779223346,-0.5545838454282731,0.09689527684238435,0.1387583328097192,-0.501342100445723
0.943197439475728,-0.6642721574262903,-0.35944388779223346,0.23685150655777618,1.1042571645279047,1.178233291814844,0.44169320089735564
-1.008615635578889,-0.6642721574262903,-0.35944388779223346,-0.7326567996251342,-0.5404153051627407,-1.1116245888920975,-0.6270801406248001
-0.20127477271538832,-0.6642721574262903,-0.35944388779223346,-0.13908028563559724,0.09689527684238435,-0.43370613736701613,0.09591359040489349
0.9077099290201895,-0.6642721574262903,-0.35944388779223346,0.652355066350452,1.0220235410433722,0.47018513133309225,1.1175351668598954
-2.064369071631159,2.1005314214662962,-0.5488680445979093,-1.6823792220083933,-2.0617373396265877,-1.8046078948955138,-1.7744397572588793
-1.975650295492313,0.32315769217820484,-0.5488680445979093,-1.484520384011881,-1.856153280915257,-2.105904984462217,-1.3029221065873398
-0.28999354885423456,-0.6642721574262903,-0.5488680445979093,-1.0888027080188565,0.610855423620711,-0.14747390227864848,-0.3598868052442612
-2.064369071631159,2.1005314214662962,-0.5488680445979093,-1.6823792220083933,-2.0617373396265877,-1.6539593501121626,-1.9316123074827256
-1.975650295492313,0.32315769217820484,-0.5488680445979093,-1.484520384011881,-1.856153280915257,-1.9552564396788652,-1.4600946568111863
-0.28999354885423456,-0.6642721574262903,-0.5488680445979093,-0.39629677503106325,-0.314272840580277,-0.07214962988697277,-0.43847308035618443
-1.5675439252536203,2.1005314214662962,-0.5488680445979093,-1.2866615460153688,-1.4449851634925956,-1.186948861283773,-1.5386809319231096
-0.6980999190929272,0.32315769217820484,-0.5488680445979093,-0.6930850320258317,-0.8282329873586036,-0.5090304097586918,-0.7056664157367234
0.4552441707120738,-0.6642721574262903,-0.5488680445979093,0.09835031996021755,-0.00589675251328099,0.545509403724768,0.23736888560635527
-1.549800170025851,2.1005314214662962,-0.5488680445979093,-1.1679462432174612,-1.6505692222039263,-0.9308463351520757,-1.7744397572588793
-0.13029975180431133,0.4153178114746244,-0.5488680445979093,-0.1786520532348997,-0.41706486993594233,0.19901775072305974,-0.43847308035618443
-1.4699532715008894,2.1005314214662962,-0.5488680445979093,-1.1877321270171126,-1.60945241046166,-0.8103274993253946,-1.7587225022364945
0.12698469899834272,-0.07181424766359325,-0.5488680445979093,0.09835031996021755,-0.37594805819367616,0.545509403724768,-0.34416955022187656
-1.2392844535398893,2.1005314214662962,-0.35944388779223346,-0.9107297538219953,-0.9515834225854021,-0.9007166261954055,-1.255770341520186
0.18021596468165046,-0.07181424766359325,-0.35944388779223346,0.2764232741570786,0.07633687097125127,0.3797960044630814,-0.0769762148413376
-0.9553843698955813,1.2447588851424003,-0.738292201403585,-1.0888027080188565,-0.8282329873586036,-0.29812244706199986,-1.381508381699263
0.5084754363953815,-0.2693002175844923,-0.738292201403585,-0.09950851803629476,0.610855423620711,1.1330387283798384,-0.28130053013233797
-1.1328219221732736,2.1005314214662962,-0.35944388779223346,0.19727973895847373,-1.856153280915257,-1.2020137157621082,-0.7528181808038773
0.1979597199094197,-0.07181424766359325,-0.35944388779223346,1.1865739289410353,-0.8282329873586036,-0.07214962988697277,0.425975945874971
-1.3546188625203892,1.8372167949050977,-0.35944388779223346,-1.0096591728202515,-1.239401104781265,-1.3074676971104542,-1.0357287712068008
-0.5561498772707733,0.32315769217820484,-0.35944388779223346,-0.4160826588307145,-0.622648928647273,-0.629549245585373,-0.32845229519949193
0.6859129886730739,-0.6642721574262903,-0.35944388779223346,0.5732115311518471,0.4052713649093803,0.42499056789808687,0.7717555563674332
-1.3723626177481585,1.8372167949050977,-0.35944388779223346,-1.049230940419554,-1.239401104781265,-1.0212354620220865,-1.3657911266768785
-0.5561498772707733,0.32315769217820484,-0.35944388779223346,-0.4160826588307145,-0.622648928647273,-0.3433170104970053,-0.6270801406248001
0.6859129886730739,-0.6642721574262903,-0.35944388779223346,0.5732115311518471,0.4052713649093803,0.8618713477698059,0.3159551607182785
-0.9287687370539274,0.7181296320200029,-0.738292201403585,-1.1283744756181588,-0.314272840580277,-1.1266894433704326,-0.4699075904009537
0.49073168116761223,-0.9275867839874891,-0.738292201403585,-0.13908028563559724,0.919231511687707,0.15382318728805433,0.7088865362778947
-1.1416937997871583,1.2447588851424003,-0.35944388779223346,-1.3658050812139737,-0.5198568992916076,-0.8856517717170703,-1.0985977912963394
0.6859129886730739,-0.2693002175844923,-0.35944388779223346,0.019206784761612625,0.8369978882031748,0.6358985305947789,0.5517139860540482
-1.3989782505898123,0.9814442585812015,-0.738292201403585,-1.6823792220083933,-1.4449851634925956,-1.5786350777204867,-0.8314044559158005
0.06488155570115037,-0.5984435007859906,-0.738292201403585,-0.6930850320258317,-0.10868878186894632,-0.22279817467032417,0.3473896707630478
-1.620775190936928,2.1005314214662962,-0.5488680445979093,-1.3855909650136249,-1.4449851634925956,-1.2773379881537839,-1.5386809319231096
0.24231910797884282,-0.07181424766359325,-0.5488680445979093,-0.0005790990380386083,-0.00589675251328099,0.3044717320714057,0.11163084542727814
-0.9553843698955813,2.1005314214662962,-0.35944388779223346,-0.8909438700223441,-0.00589675251328099,-0.9007166261954055,-0.7528181808038773
-0.28999354885423456,0.32315769217820484,-0.35944388779223346,-0.2973673560328071,0.4052713649093803,-0.3734467194536756,-0.12412797990849153
0.5528348244648046,-0.6642721574262903,-0.35944388779223346,0.29620915795672986,1.227607599754703,0.3797960044630814,0.5831484960988175
-1.265900086381543,1.2447588851424003,-0.35944388779223346,-0.4952261940293194,-0.8282329873586036,-1.1266894433704326,-1.0671632812515701
-0.20127477271538832,-0.2693002175844923,-0.35944388779223346,0.4940679959532422,-0.00589675251328099,-0.44877099184535124,0.11163084542727814
-1.0884625341038505,1.2447588851424003,-0.35944388779223346,-0.8909438700223441,-0.931025016714269,-1.1266894433704326,-0.7528181808038773
0.1979597199094197,-0.2693002175844923,-0.35944388779223346,-0.4952261940293194,0.5080633942650457,0.45512027685475714,-0.12412797990849153
-1.4433376386592356,2.1005314214662962,-0.35944388779223346,-1.3855909650136249,-1.239401104781265,-0.44877099184535124,-2.088784857706572
-0.02383722043769586,-0.5984435007859906,-0.35944388779223346,-0.0005790990380386083,-0.41706486993594233,0.8317416388131357,-0.9099907310277238
-1.22154069831212,2.1005314214662962,-0.35944388779223346,-1.3855909650136249,-1.239401104781265,-0.5994195366287026,-1.5386809319231096
0.10924094377057349,-0.07181424766359325,-0.35944388779223346,-0.39629677503106325,-0.21148081122461165,0.5304445492464328,-0.3598868052442612
-0.9553843698955813,1.2447588851424003,-0.35944388779223346,-0.9898732890206002,-0.5198568992916076,-0.6446141000637081,-1.0200115161844163
0.6415536006036509,-0.2693002175844923,-0.35944388779223346,0.19727973895847373,0.7136474529763763,0.7112228029864545,0.39454143583020174
-1.0884625341038505,1.2447588851424003,-0.35944388779223346,-0.6930850320258317,-1.239401104781265,-0.44877099184535124,-1.4600946568111863
0.24231910797884282,-0.2693002175844923,-0.35944388779223346,0.29620915795672986,-0.21148081122461165,0.6810930940297842,-0.28130053013233797
-0.6892280414790426,1.2447588851424003,-0.35944388779223346,-0.6930850320258317,-0.41706486993594233,-0.22279817467032417,-0.9885770061396469
1.1295068693673052,-0.2693002175844923,-0.35944388779223346,0.7908562529480107,0.8164394823320417,1.3590115455548655,0.5831484960988175
-1.1328219221732736,2.1005314214662962,-0.35944388779223346,-1.1877321270171126,-1.239401104781265,-0.524095264237027,-1.4600946568111863
-0.3787123249930808,0.32315769217820484,-0.35944388779223346,-0.39629677503106325,-0.8282329873586036,-0.14747390227864848,-0.5170593554681077
0.7302723767424971,-0.6642721574262903,-0.35944388779223346,0.7908562529480107,0.4052713649093803,0.3044717320714057,0.9760798716584336
-1.0441031460344274,1.3764161984229997,-0.35944388779223346,-2.2759557359979303,0.4052713649093803,0.0031746425047029297,-1.8530260323708023
-0.24563416078481143,0.05984306561700611,-0.35944388779223346,-1.6823792220083933,1.0220235410433722,0.6810930940297842,-1.1457495563634934
0.6415536006036509,-0.5984435007859906,-0.35944388779223346,-1.0888027080188565,1.844359775888695,1.3590115455548655,-0.28130053013233797
-1.0884625341038505,1.113101571861801,-0.35944388779223346,-0.39629677503106325,-1.4449851634925956,-0.9760408985870812,-0.9099907310277238
-0.20127477271538832,-0.07181424766359325,-0.35944388779223346,0.39513857695498605,-0.622648928647273,-0.29812244706199986,-0.045541704796568314
0.6859129886730739,-0.6642721574262903,-0.35944388779223346,1.1865739289410353,0.19968730619804967,0.5304445492464328,0.6617347712107406
-1.1328219221732736,2.1005314214662962,-0.35944388779223346,-0.7920144510240879,-0.8282329873586036,-0.44877099184535124,-1.5386809319231096
-0.33435293692365764,0.32315769217820484,-0.35944388779223346,-0.19843793703455093,-0.21148081122461165,0.22914745967973002,-0.8314044559158005
0.5528348244648046,-0.6642721574262903,-0.35944388779223346,0.39513857695498605,0.610855423620711,0.9070659112048113,0.03304457031535491
-0.8223062056873119,1.2447588851424003,-0.35944388779223346,-1.484520384011881,0.19968730619804967,-0.8253923538037298,-0.5956456305800308
0.7746317648119202,-0.4667861875053913,-0.35944388779223346,-0.2973673560328071,1.227607599754703,0.5304445492464328,0.8189073214345871
-1.1328219221732736,2.1005314214662962,-0.5488680445979093,0.5929974149514984,-1.6505692222039263,-1.2773379881537839,-0.6742319056919541
-0.33435293692365764,0.32315769217820484,-0.5488680445979093,1.1865739289410353,-1.0338170460699343,-0.5994195366287026,0.03304457031535491
0.5971942125342278,-0.6642721574262903,-0.5488680445979093,1.9780092809270846,-0.41706486993594233,0.07849891489637863,0.9760798716584336
-0.1569153846459652,1.2447588851424003,-0.35944388779223346,-0.19843793703455093,-0.21148081122461165,0.3797960044630814,-0.6742319056919541
0.6415536006036509,-0.4667861875053913,-0.35944388779223346,0.39513857695498605,0.4052713649093803,1.0577144559881628,0.03304457031535491
-0.9997437579650044,1.2447588851424003,-0.35944388779223346,-0.39629677503106325,-1.239401104781265,-1.4279865329371353,-0.28130053013233797
0.5528348244648046,-0.2693002175844923,-0.35944388779223346,0.6919268339497545,0.8164394823320417,-0.14747390227864848,1.13325242188228
-0.9110249818261581,1.2447588851424003,-0.35944388779223346,-0.8909438700223441,0.19968730619804967,-0.5994195366287026,-0.9885770061396469
0.33103788411768903,-0.4667861875053913,-0.35944388779223346,0.09835031996021755,1.0220235410433722,0.5304445492464328,0.03304457031535491
-0.44968734590415776,-0.6642721574262903,-0.35944388779223346,-0.09950851803629476,-0.41706486993594233,-0.10227933884364306,-0.6899491607143388
-1.0441031460344274,1.2447588851424003,-0.35944388779223346,-0.39629677503106325,-1.4449851634925956,-0.29812244706199986,-1.5386809319231096
0.37539727218711216,-0.6642721574262903,-0.35944388779223346,0.5929974149514984,-0.41706486993594233,0.982390183596487,-0.3598868052442612
-0.9110249818261581,1.2447588851424003,-0.35944388779223346,-0.9898732890206002,-0.5198568992916076,-1.2020137157621082,-0.3598868052442612
0.4197566602565353,-0.2693002175844923,-0.35944388779223346,-0.0005790990380386083,0.5080633942650457,-0.07214962988697277,0.8189073214345871
-0.9110249818261581,1.2447588851424003,-0.35944388779223346,-0.39629677503106325,-1.0338170460699343,-1.0513651709787568,-0.5170593554681077
0.6415536006036509,-0.2693002175844923,-0.35944388779223346,0.5929974149514984,0.5080633942650457,0.07849891489637863,1.0546661467703569
-1.0884625341038505,1.2447588851424003,-0.35944388779223346,0.29620915795672986,-1.4449851634925956,-0.9760408985870812,-0.9099907310277238
0.8633505409507665,-0.4667861875053913,-0.35944388779223346,2.4726563759183655,-0.21148081122461165,0.5304445492464328,0.9760798716584336
-1.0441031460344274,1.2447588851424003,-0.35944388779223346,-1.6823792220083933,-0.10868878186894632,0.0031746425047029297,-1.8530260323708023
-0.20127477271538832,-0.07181424766359325,-0.35944388779223346,-1.0888027080188565,0.610855423620711,0.6810930940297842,-1.0671632812515701
0.6415536006036509,-0.6642721574262903,-0.35944388779223346,-0.4952261940293194,1.3303996291103684,1.3590115455548655,-0.28130053013233797
-0.3787123249930808,-0.6642721574262903,-0.17001973098655776,1.0876445099427792,-1.3421931341369302,-1.0513651709787568,0.425975945874971
-0.8844093489845043,1.2447588851424003,-0.35944388779223346,-1.1283744756181588,-0.14980559361121246,-1.2321434247187786,-0.28130053013233797
0.49073168116761223,-0.2693002175844923,-0.35944388779223346,-0.13908028563559724,0.9809067293011062,-0.02695506645196735,0.8974935965465103
-0.9110249818261581,1.7055594816244983,-0.35944388779223346,0.8897856719462669,-1.856153280915257,-0.524095264237027,-1.0671632812515701
0.4197566602565353,-0.4667861875053913,-0.35944388779223346,1.8790798619288285,-0.8282329873586036,0.6057688216381085,0.11163084542727814
-0.866665593756735,1.2447588851424003,-0.35944388779223346,-1.3855909650136249,-0.622648928647273,-0.44877099184535124,-1.0671632812515701
0.5528348244648046,-0.4667861875053913,-0.35944388779223346,-0.5941556130275756,0.4052713649093803,0.982390183596487,-0.045541704796568314
-0.9110249818261581,-0.07181424766359325,-0.35944388779223346,-0.5941556130275756,-0.7254409580029383,-1.1266894433704326,-0.43847308035618443
0.9077099290201895,-0.6642721574262903,-0.35944388779223346,0.5929974149514984,1.227607599754703,0.9070659112048113,0.6617347712107406
-0.9553843698955813,1.2447588851424003,-0.35944388779223346,-0.09950851803629476,-1.0338170460699343,-1.3526622605454597,-0.28130053013233797
-0.02383722043769586,-0.2693002175844923,-0.35944388779223346,0.7908562529480107,-0.21148081122461165,-0.5994195366287026,0.5831484960988175
0.24231910797884282,-0.6642721574262903,-0.17001973098655776,0.4544962283539397,0.09689527684238435,0.4099257134197517,0.0016100602705856198
0.24231910797884282,-0.6642721574262903,-0.17001973098655776,0.6721409501501033,0.09689527684238435,0.01823949698303807,0.41025869085258637
-0.3787123249930808,-0.6642721574262903,-0.35944388779223346,-0.39629677503106325,-0.10868878186894632,-1.0513651709787568,0.425975945874971
-0.7779468176178888,1.2447588851424003,-0.35944388779223346,0.19727973895847373,-0.7254409580029383,-0.8253923538037298,-0.5170593554681077
0.5528348244648046,-0.4667861875053913,-0.35944388779223346,1.1865739289410353,0.302479335553715,0.3044717320714057,0.6617347712107406
-0.7335874295484657,0.32315769217820484,-0.35944388779223346,0.5929974149514984,-1.6505692222039263,-1.1266894433704326,-0.12412797990849153
0.5084754363953815,-0.4667861875053913,-0.35944388779223346,1.9780092809270846,-1.0338170460699343,0.0031746425047029297,0.8974935965465103
0.1979597199094197,-0.8617581273471894,0.39825273943046946,-2.770602830989211,-0.00589675251328099,-1.8799321672871896,2.312046548561128
0.06488155570115037,-0.6642721574262903,-0.35944388779223346,0.39513857695498605,-0.00589675251328099,0.0031746425047029297,0.11163084542727814
0.5528348244648046,-0.6642721574262903,-0.35944388779223346,0.4940679959532422,-0.41706486993594233,0.15382318728805433,0.8189073214345871
-1.177181310242697,1.7055594816244983,-0.35944388779223346,-0.7920144510240879,-0.931025016714269,-0.6747438090203783,-1.381508381699263
0.10924094377057349,-0.2693002175844923,-0.35944388779223346,0.19727973895847373,-0.00589675251328099,0.45512027685475714,-0.28130053013233797
-0.9553843698955813,1.7055594816244983,-0.35944388779223346,-0.45565442643001697,-1.1366090754255995,-0.750068081412054,-0.9099907310277238
0.1979597199094197,-0.4667861875053913,-0.35944388779223346,0.13792208755952,0.09689527684238435,0.15382318728805433,0.19021712053920134
-0.7779468176178888,1.7055594816244983,-0.35944388779223346,-0.9898732890206002,-0.314272840580277,-0.22279817467032417,-1.1457495563634934
0.8189911528813433,-0.4667861875053913,-0.35944388779223346,0.19727973895847373,0.919231511687707,1.1330387283798384,0.2688033956511246
0.28667849604826595,-0.6642721574262903,-0.17001973098655776,-0.7920144510240879,1.6387757171773643,0.3044717320714057,0.19021712053920134
0.6415536006036509,-0.6642721574262903,-0.17001973098655776,0.7908562529480107,-0.10868878186894632,0.8317416388131357,0.2688033956511246
0.24231910797884282,-0.6642721574262903,-0.17001973098655776,-1.2866615460153688,1.4331916584660336,0.6810930940297842,-0.28130053013233797
0.5528348244648046,-0.6642721574262903,-0.17001973098655776,-0.19843793703455093,0.8164394823320417,1.0275847470314925,-0.09269346986372225
0.5971942125342278,-0.6642721574262903,-0.17001973098655776,0.038992668561263856,0.919231511687707,1.102909019423168,-0.09269346986372225
0.6415536006036509,-0.6642721574262903,-0.17001973098655776,1.4833621859358037,-0.314272840580277,0.75641736642146,0.3473896707630478
0.5528348244648046,-0.6642721574262903,-0.35944388779223346,0.8897856719462669,-0.622648928647273,0.5304445492464328,0.425975945874971
-2.020009683561736,2.1005314214662962,-0.9277163582092607,-1.6823792220083933,-2.164529368982253,-1.6539593501121626,-1.8530260323708023
0.9964287051590358,-0.6642721574262903,-0.9277163582092607,1.067858626143128,0.4052713649093803,0.771482220899795,0.9603626166360489
0.9520693170896126,-0.6642721574262903,0.39825273943046946,0.29620915795672986,0.8164394823320417,0.22914745967973002,1.4475975223299729
-1.2392844535398893,-0.7959294707068897,-0.35944388779223346,-1.069016824219205,-0.9104666108431358,-1.066430025457092,-1.0828805362739549
-0.9110249818261581,-0.6642721574262903,0.20882858262479373,-0.8909438700223441,-0.622648928647273,-0.9007166261954055,-0.6742319056919541
0.8633505409507665,-0.6642721574262903,0.20882858262479373,-0.4952261940293194,1.3303996291103684,0.3797960044630814,1.13325242188228
0.8633505409507665,-0.6642721574262903,0.20882858262479373,-0.4952261940293194,1.3303996291103684,1.3590115455548655,0.11163084542727814
0.8633505409507665,-0.6642721574262903,0.20882858262479373,0.7908562529480107,1.3303996291103684,1.1330387283798384,0.3473896707630478
-0.28999354885423456,-0.6642721574262903,-0.35944388779223346,-0.39629677503106325,0.4052713649093803,-0.44877099184535124,-0.045541704796568314
-0.6448686534096194,-0.6642721574262903,0.019404425819117985,-0.19843793703455093,0.09689527684238435,-0.750068081412054,-0.3598868052442612
0.5971942125342278,-0.6642721574262903,0.019404425819117985,0.6919268339497545,0.919231511687707,0.22914745967973002,0.8189073214345871
-0.6448686534096194,-0.6642721574262903,0.019404425819117985,0.39513857695498605,-0.8282329873586036,-0.3734467194536756,-0.7528181808038773
0.5971942125342278,-0.6642721574262903,0.019404425819117985,1.3844327669375476,-0.10868878186894632,0.6810930940297842,0.3473896707630478
0.7746317648119202,-0.6642721574262903,0.20882858262479373,0.39513857695498605,-0.10868878186894632,1.208363000771514,0.11163084542727814
0.9964287051590358,-0.9275867839874891,0.39825273943046946,0.4940679959532422,0.7136474529763763,-0.14747390227864848,1.9191151730015121
1.3513038097144208,-1.2172328732048077,1.9136459938758754,0.6919268339497545,1.6387757171773643,0.75641736642146,1.6047700725538194
1.3513038097144208,-1.2172328732048077,1.9136459938758754,0.4940679959532422,1.535983687821699,1.509660090338217,0.8189073214345871
1.3513038097144208,-1.2172328732048077,1.9136459938758754,0.7908562529480107,1.4331916584660336,1.509660090338217,0.8189073214345871
-1.1328219221732736,-0.6642721574262903,0.39825273943046946,-0.8118003348237391,-0.8282329873586036,-0.7651329358903892,-1.208618576453032
-0.06819660850711898,-0.6642721574262903,0.39825273943046946,-0.02036498283768984,-0.00589675251328099,0.1387583328097192,-0.26558327510995333
1.528741361992113,-0.6642721574262903,0.39825273943046946,1.5625057211344087,1.227607599754703,1.4945952358598817,1.1489696769046647
2.238491571102883,-1.2172328732048077,3.4290392483212813,0.988715090944523,2.132177458084558,2.6997835941266928,1.1489696769046647
1.528741361992113,-0.6642721574262903,3.4290392483212813,0.988715090944523,1.227607599754703,1.2836872731631899,1.3690112472180496
-0.9731281251233505,-0.6642721574262903,-0.35944388779223346,-0.712870915825483,-0.5404153051627407,-1.0814948799354271,-0.5956456305800308
-0.20127477271538832,-0.6642721574262903,-0.35944388779223346,-0.15886616943524848,0.05577846510011821,-0.44877099184535124,0.11163084542727814
0.8633505409507665,-0.6642721574262903,-0.35944388779223346,0.6325691825508009,0.8781146999454409,0.45512027685475714,1.0546661467703569
-1.0529750236483122,-0.6642721574262903,-0.35944388779223346,-1.0888027080188565,-0.622648928647273,-0.5692898276720324,-1.2714875965425705
-0.20127477271538832,-0.6642721574262903,-0.35944388779223346,-0.5545838454282731,0.09689527684238435,0.1387583328097192,-0.501342100445723
0.943197439475728,-0.6642721574262903,-0.35944388779223346,0.23685150655777618,1.1042571645279047,1.178233291814844,0.44169320089735564
-1.008615635578889,-0.6642721574262903,-0.35944388779223346,-0.4160826588307145,-0.9927002343276682,-0.9459111896304109,-0.7999699458710312
-0.20127477271538832,-0.6642721574262903,-0.35944388779223346,0.19727973895847373,-0.37594805819367616,-0.2679927381053296,-0.0769762148413376
0.9077099290201895,-0.6642721574262903,-0.35944388779223346,1.0876445099427792,0.4463881766516465,0.7112228029864545,0.866059086501741
-1.8869315193534666,2.1005314214662962,-0.5488680445979093,-1.3855909650136249,-1.239401104781265,-1.714218768025503,-1.5543981869454941
-0.11255599657654208,-0.07181424766359325,-0.5488680445979093,-0.19843793703455093,-0.8282329873586036,-0.05708477540863763,-0.13984523493087617
-1.4699532715008894,2.1005314214662962,-0.5488680445979093,-1.7813086410066494,-0.9927002343276682,-1.488245950850476,-1.0514460262291856
0.21570347513718896,-0.07181424766359325,-0.5488680445979093,-0.9898732890206002,0.8575562940743078,-0.13240904780031332,0.5202794760092789
-1.4433376386592356,2.1005314214662962,-0.5488680445979093,-1.979167479003162,-0.41706486993594233,-1.5033108053288111,-0.9885770061396469
-0.33435293692365764,-0.07181424766359325,-0.5488680445979093,-1.2866615460153688,0.5080633942650457,-0.5994195366287026,0.03304457031535491
-1.5764158028675048,2.1005314214662962,-0.5488680445979093,-0.9898732890206002,-1.239401104781265,-1.2773379881537839,-1.4600946568111863
-0.24563416078481143,-0.07181424766359325,-0.5488680445979093,0.19727973895847373,-0.21148081122461165,-0.3734467194536756,-0.045541704796568314
0.9520693170896126,-0.07181424766359325,-0.5488680445979093,0.39513857695498605,0.19968730619804967,1.1330387283798384,0.5045622209868942
-0.866665593756735,1.2447588851424003,-0.35944388779223346,-1.4647345002122298,-0.5815321169050068,-0.8103274993253946,-0.6899491607143388
0.28667849604826595,-0.2693002175844923,-0.35944388779223346,-0.6732991482261805,0.2408041179403158,-0.20773332019198903,0.7246037913002793
-1.975650295492313,1.2447588851424003,-0.738292201403585,-1.8802380600049056,-1.4449851634925956,-1.2020137157621082,-2.2459574079304185
-1.8603158865118128,0.7181296320200029,-0.738292201403585,-1.9198098276042082,-0.8282329873586036,-1.9552564396788652,-1.255770341520186
-1.9312909074228897,0.9814442585812015,-0.738292201403585,-2.078096898001418,-1.6505692222039263,-1.9552564396788652,-1.381508381699263
-1.620775190936928,1.2447588851424003,-0.738292201403585,-1.2866615460153688,-0.7254409580029383,-2.030580712070541,-0.7528181808038773
-0.20127477271538832,-0.2693002175844923,-0.738292201403585,-0.4952261940293194,0.919231511687707,-0.8253923538037298,0.5045622209868942
-0.9553843698955813,1.2447588851424003,-0.35944388779223346,-1.0888027080188565,-0.5198568992916076,-0.3734467194536756,-1.3029221065873398
0.37539727218711216,-0.2693002175844923,-0.35944388779223346,-0.09950851803629476,0.5080633942650457,0.75641736642146,-0.12412797990849153
-1.3102594744509661,1.8372167949050977,-0.35944388779223346,-1.3855909650136249,-0.622648928647273,-1.1266894433704326,-1.1457495563634934
-0.5561498772707733,0.32315769217820484,-0.35944388779223346,-0.7920144510240879,-0.00589675251328099,-0.524095264237027,-0.43847308035618443
0.7302723767424971,-0.6642721574262903,-0.35944388779223346,0.19727973895847373,1.3303996291103684,0.45512027685475714,0.8189073214345871
0.5528348244648046,-0.6642721574262903,-0.35944388779223346,0.4940679959532422,1.0220235410433722,0.07849891489637863,0.8974935965465103
-1.5764158028675048,1.2447588851424003,-0.738292201403585,-1.5834498030101372,-1.4449851634925956,-2.030580712070541,-0.6742319056919541
-0.06819660850711898,-0.2693002175844923,-0.738292201403585,-0.39629677503106325,-0.00589675251328099,-0.8253923538037298,0.7403210463226639
-0.1569153846459652,-0.4009575308650916,-0.35944388779223346,1.2855033479392914,-0.931025016714269,-0.8253923538037298,0.5831484960988175
0.6415536006036509,-0.6642721574262903,-0.35944388779223346,-0.0005790990380386083,1.0220235410433722,0.3044717320714057,0.8189073214345871
-1.5764158028675048,2.1005314214662962,-0.35944388779223346,-1.484520384011881,-1.0338170460699343,-1.4279865329371353,-1.3029221065873398
-0.7779468176178888,0.32315769217820484,-0.35944388779223346,-1.0888027080188565,-0.622648928647273,-0.6747438090203783,-0.6742319056919541
0.28667849604826595,-0.6642721574262903,-0.35944388779223346,-0.4952261940293194,0.19968730619804967,0.07849891489637863,0.425975945874971
-0.6005092653401963,-0.6642721574262903,-0.35944388779223346,-0.4952261940293194,-0.931025016714269,-0.29812244706199986,-0.7528181808038773
-2.1974472358394284,1.8372167949050977,-0.35944388779223346,-1.7813086410066494,-1.6505692222039263,-1.8799321672871896,-1.9316123074827256
-0.02383722043769586,0.32315769217820484,-0.35944388779223346,-0.39629677503106325,1.0220235410433722,-0.07214962988697277,0.03304457031535491
-0.33435293692365764,-0.2693002175844923,-0.35944388779223346,-0.7920144510240879,-0.41706486993594233,0.3044717320714057,-0.9099907310277238
-1.9312909074228897,2.1005314214662962,-0.35944388779223346,-1.1877321270171126,-1.856153280915257,-1.9552564396788652,-1.381508381699263
0.020522167631727255,-0.07181424766359325,-0.35944388779223346,0.39513857695498605,-0.21148081122461165,-0.44877099184535124,0.5045622209868942
0.8633505409507665,-0.6642721574262903,0.20882858262479373,-0.4952261940293194,1.7415677465330297,1.3590115455548655,0.11163084542727814
0.8633505409507665,-0.6642721574262903,0.20882858262479373,0.4940679959532422,1.0220235410433722,-0.3734467194536756,1.9191151730015121
-0.20127477271538832,-0.8617581273471894,-0.35944388779223346,-0.45565442643001697,-0.2731560288380109,0.6961579485081194,-1.0828805362739549
0.5528348244648046,-0.335128874224792,-0.35944388779223346,0.09835031996021755,1.4331916584660336,-0.14747390227864848,1.13325242188228
0.06488155570115037,-0.6642721574262903,-0.17001973098655776,-0.5941556130275756,0.610855423620711,0.22914745967973002,-0.12412797990849153
-0.8134343280734273,1.7055594816244983,0.39825273943046946,-0.5941556130275756,-0.41706486993594233,-0.3433170104970053,-1.0828805362739549
-0.20127477271538832,-0.6642721574262903,-0.35944388779223346,-1.1679462432174612,-1.0132586401988013,-1.7443484769821733,1.4633147773523576
0.24231910797884282,-0.4667861875053913,-0.35944388779223346,-0.09950851803629476,0.302479335553715,0.6057688216381085,-0.20271425502041476
-1.22154069831212,1.2447588851424003,-0.35944388779223346,0.09835031996021755,-1.4449851634925956,-1.5033108053288111,-0.5956456305800308
0.33103788411768903,-0.2693002175844923,-0.35944388779223346,1.58229160493406,-0.41706486993594233,-0.3734467194536756,0.9760798716584336
-0.11255599657654208,1.2447588851424003,-0.35944388779223346,-0.19843793703455093,-0.21148081122461165,-0.524095264237027,0.3473896707630478
0.020522167631727255,-0.4667861875053913,-0.35944388779223346,0.5929974149514984,-0.8282329873586036,-0.29812244706199986,0.3473896707630478
0.7302723767424971,-0.9275867839874891,-0.17001973098655776,2.670515213914878,-0.41706486993594233,-0.6747438090203783,1.9977014481134354
-1.1328219221732736,1.2447588851424003,-0.35944388779223346,-0.39629677503106325,-1.239401104781265,-0.9760408985870812,-0.9885770061396469
0.1979597199094197,-0.2693002175844923,-0.35944388779223346,0.8897856719462669,-0.41706486993594233,0.15382318728805433,0.19021712053920134
0.10924094377057349,-0.6642721574262903,-0.35944388779223346,0.5929974149514984,-0.622648928647273,0.3044717320714057,-0.12412797990849153
0.6415536006036509,-0.9275867839874891,-0.17001973098655776,1.58229160493406,-0.10868878186894632,0.5304445492464328,0.5831484960988175
0.6859129886730739,1.2447588851424003,-0.35944388779223346,1.7801504429305723,2.049943834600026,-2.859147708378974,4.198117151247286
0.6415536006036509,-0.6642721574262903,-0.17001973098655776,0.988715090944523,-0.10868878186894632,0.5304445492464328,0.5831484960988175
0.020522167631727255,-0.4667861875053913,-0.35944388779223346,-0.0005790990380386083,-0.622648928647273,0.45512027685475714,-0.43847308035618443
-0.866665593756735,0.32315769217820484,-0.35944388779223346,-0.39629677503106325,-0.8282329873586036,-0.6747438090203783,-0.8314044559158005
0.6415536006036509,-0.4667861875053913,-0.35944388779223346,1.0876445099427792,0.19968730619804967,0.6810930940297842,0.425975945874971
-1.5764158028675048,1.2447588851424003,-0.35944388779223346,-1.3855909650136249,-0.622648928647273,-1.2773379881537839,-1.4600946568111863
0.020522167631727255,-0.2693002175844923,-0.35944388779223346,0.39513857695498605,0.610855423620711,-0.6747438090203783,0.7403210463226639
-1.5764158028675048,1.7055594816244983,-0.35944388779223346,-1.1877321270171126,-1.6505692222039263,-1.2773379881537839,-1.4600946568111863
0.1979597199094197,-0.2693002175844923,-0.35944388779223346,0.5929974149514984,-0.41706486993594233,-0.07214962988697277,0.425975945874971
-0.1569153846459652,-0.4667861875053913,-0.35944388779223346,-0.0005790990380386083,0.4052713649093803,-0.9007166261954055,0.6617347712107406
-1.1328219221732736,1.2447588851424003,-0.35944388779223346,-0.9898732890206002,-0.8282329873586036,-0.29812244706199986,-1.695853482146956
0.4641160483259584,-0.2693002175844923,-0.35944388779223346,0.5929974149514984,0.8164394823320417,0.6057688216381085,0.19021712053920134
-0.866665593756735,-0.6642721574262903,-0.35944388779223346,-0.9898732890206002,-0.622648928647273,-0.29812244706199986,-1.2243358314754167
0.5084754363953815,-0.9275867839874891,-0.17001973098655776,-0.7920144510240879,1.6387757171773643,-0.3734467194536756,1.2904249721061265
0.33103788411768903,-0.9275867839874891,-0.17001973098655776,1.3844327669375476,-0.622648928647273,-0.3734467194536756,0.9760798716584336
-0.866665593756735,0.32315769217820484,-0.35944388779223346,-1.1877321270171126,-0.21148081122461165,-0.14747390227864848,-1.381508381699263
0.6415536006036509,-0.6642721574262903,-0.35944388779223346,-0.19843793703455093,1.0220235410433722,1.208363000771514,-0.12412797990849153
0.9964287051590358,-0.6642721574262903,-0.35944388779223346,0.7908562529480107,1.0220235410433722,0.9070659112048113,0.8189073214345871
-0.866665593756735,0.32315769217820484,-0.35944388779223346,-0.5941556130275756,-1.239401104781265,-1.1266894433704326,-0.3598868052442612
0.6415536006036509,-0.4667861875053913,-0.35944388779223346,1.7801504429305723,-0.41706486993594233,0.22914745967973002,0.8974935965465103
0.7746317648119202,-0.6642721574262903,-0.35944388779223346,0.39513857695498605,1.227607599754703,0.45512027685475714,0.8974935965465103
0.33103788411768903,-0.6642721574262903,-0.35944388779223346,0.13792208755952,0.19968730619804967,0.75641736642146,-0.20271425502041476
-1.5764158028675048,-0.6642721574262903,-0.35944388779223346,-1.8802380600049056,-1.5477771928482609,-1.5033108053288111,-1.2243358314754167
-1.9312909074228897,-0.2693002175844923,-0.17001973098655776,-1.5834498030101372,-1.4449851634925956,-1.6539593501121626,-1.695853482146956
0.24231910797884282,-0.6642721574262903,-0.17001973098655776,0.7908562529480107,0.09689527684238435,-0.22279817467032417,0.6617347712107406
-1.0884625341038505,-0.6642721574262903,-0.17001973098655776,-2.078096898001418,0.19968730619804967,-0.524095264237027,-1.381508381699263
-0.6005092653401963,-0.6642721574262903,-0.17001973098655776,-0.9898732890206002,-0.41706486993594233,0.12369347833138405,-1.1929013214306474
-0.5561498772707733,-0.6642721574262903,-0.17001973098655776,-0.7524426834247855,-0.314272840580277,0.19901775072305974,-1.1929013214306474
0.5528348244648046,-0.6642721574262903,-0.35944388779223346,0.6919268339497545,-0.622648928647273,0.07849891489637863,0.8974935965465103
0.9964287051590358,-0.8617581273471894,0.39825273943046946,-2.5727439929926987,1.4331916584660336,-1.1266894433704326,2.940736749456514
1.3513038097144208,-1.2172328732048077,1.9136459938758754,0.19727973895847373,1.535983687821699,1.509660090338217,0.8189073214345871
1.3513038097144208,-1.2172328732048077,1.9136459938758754,0.988715090944523,0.5080633942650457,1.3590115455548655,0.9760798716584336
1.3513038097144208,-1.2172328732048077,1.9136459938758754,0.7908562529480107,1.3303996291103684,0.5304445492464328,1.840528897889589
-1.1328219221732736,-0.6642721574262903,0.39825273943046946,-0.712870915825483,-0.931025016714269,-0.9760408985870812,-0.9885770061396469
-0.1569153846459652,-0.6642721574262903,0.39825273943046946,0.07856443616056633,-0.10868878186894632,-0.22279817467032417,-0.045541704796568314
1.528741361992113,-0.6642721574262903,0.39825273943046946,1.8592939781291773,1.1248155703990377,1.1330387283798384,1.5261837974418961
2.238491571102883,-1.2172328732048077,3.4290392483212813,1.3844327669375476,2.132177458084558,1.1330387283798384,2.783564199232668
2.238491571102883,-1.2172328732048077,3.4290392483212813,1.3844327669375476,2.543345575507219,1.735632907513244,2.154873998337282
1.528741361992113,-0.6642721574262903,3.4290392483212813,0.988715090944523,1.227607599754703,1.2836872731631899,1.3690112472180496
-1.0441031460344274,-0.6642721574262903,-0.35944388779223346,-1.3855909650136249,-0.41706486993594233,-0.524095264237027,-1.3029221065873398
-0.20127477271538832,-0.6642721574262903,-0.35944388779223346,-0.7920144510240879,0.19968730619804967,0.45512027685475714,-0.8314044559158005
0.9077099290201895,-0.6642721574262903,-0.35944388779223346,-0.0005790990380386083,1.0220235410433722,1.4343358179465413,0.11163084542727814
-1.0441031460344274,-0.6642721574262903,-0.35944388779223346,-0.9898732890206002,-0.41706486993594233,-0.5994195366287026,-1.2243358314754167
-0.20127477271538832,-0.6642721574262903,-0.35944388779223346,-0.09950851803629476,0.09689527684238435,0.15382318728805433,-0.5170593554681077
0.9077099290201895,-0.6642721574262903,-0.35944388779223346,0.7908562529480107,0.8164394823320417,1.4343358179465413,0.11163084542727814
-1.0441031460344274,-0.6642721574262903,-0.35944388779223346,-0.5941556130275756,-0.8282329873586036,-0.8253923538037298,-0.9885770061396469
-0.20127477271538832,-0.6642721574262903,-0.35944388779223346,0.09835031996021755,-0.21148081122461165,-0.29812244706199986,-0.045541704796568314
0.9520693170896126,-0.6642721574262903,-0.35944388779223346,0.988715090944523,0.7136474529763763,0.6057688216381085,1.0546661467703569
-1.8425721312840435,2.1005314214662962,-0.5488680445979093,-1.1877321270171126,-1.6505692222039263,-1.4279865329371353,-1.7744397572588793
-0.06819660850711898,0.4153178114746244,-0.5488680445979093,0.19727973895847373,-0.41706486993594233,0.07849891489637863,-0.20271425502041476
-1.665134579006351,2.1005314214662962,-0.5488680445979093,-1.563663919210486,-1.4244267576214626,-1.4279865329371353,-1.4600946568111863
-0.06819660850711898,-0.07181424766359325,-0.5488680445979093,-0.376510891231412,-0.60209052277614,0.07849891489637863,-0.20271425502041476
-2.064369071631159,2.1005314214662962,-0.5488680445979093,-1.3855909650136249,-1.856153280915257,-1.9552564396788652,-1.6172672070350327
-1.975650295492313,0.32315769217820484,-0.5488680445979093,-1.1877321270171126,-1.856153280915257,-2.105904984462217,-1.3029221065873398
-0.28999354885423456,-0.6642721574262903,-0.5488680445979093,-0.5941556130275756,0.19968730619804967,0.3044717320714057,-0.8314044559158005
-1.975650295492313,0.32315769217820484,-0.5488680445979093,-1.1877321270171126,-1.856153280915257,-2.105904984462217,-1.3029221065873398
-0.3787123249930808,-0.6642721574262903,-0.5488680445979093,-0.5941556130275756,-0.00589675251328099,-0.750068081412054,0.11163084542727814
-1.8425721312840435,2.1005314214662962,-0.5488680445979093,-1.7813086410066494,-1.0338170460699343,-1.7292836225038382,-1.4600946568111863
-0.7779468176178888,0.32315769217820484,-0.5488680445979093,-0.9898732890206002,-0.21148081122461165,-0.8253923538037298,-0.5170593554681077
0.4641160483259584,-0.6642721574262903,-0.5488680445979093,-0.19843793703455093,1.0220235410433722,0.22914745967973002,0.5831484960988175
-1.8425721312840435,2.1005314214662962,-0.5488680445979093,-1.1877321270171126,-1.6505692222039263,-1.7292836225038382,-1.4600946568111863
-0.7779468176178888,0.32315769217820484,-0.5488680445979093,-0.7920144510240879,-0.8282329873586036,-0.3734467194536756,-0.9885770061396469
0.4641160483259584,-0.6642721574262903,-0.5488680445979093,0.19727973895847373,0.19968730619804967,0.8317416388131357,-0.045541704796568314
-1.3989782505898123,1.3764161984229997,-0.5488680445979093,-1.2866615460153688,-1.6505692222039263,-0.6747438090203783,-1.7744397572588793
0.24231910797884282,-0.6642721574262903,-0.5488680445979093,-0.09950851803629476,-0.314272840580277,1.0577144559881628,-0.6742319056919541
-1.3989782505898123,1.2447588851424003,-0.35944388779223346,-1.7813086410066494,-1.1366090754255995,-0.6747438090203783,-1.7744397572588793
0.10924094377057349,-0.6642721574262903,-0.35944388779223346,-0.0005790990380386083,0.5080633942650457,-0.07214962988697277,0.2688033956511246
-2.037753438789505,1.8372167949050977,-0.35944388779223346,-1.979167479003162,-1.239401104781265,-1.5786350777204867,-1.9630468175274949
-1.3280032296787354,0.32315769217820484,-0.35944388779223346,-1.5834498030101372,-0.41706486993594233,-0.9760408985870812,-1.3343566166321092
0.801247397653574,-0.6642721574262903,-0.35944388779223346,-0.39629677503106325,2.049943834600026,0.8317416388131357,0.5517139860540482
-1.407850128203697,1.3764161984229997,-0.5488680445979093,-1.741736873407347,-0.7871161756163375,-1.0513651709787568,-1.3972256367216478
0.2334472303649582,-0.2693002175844923,-0.5488680445979093,-0.5545838454282731,0.8575562940743078,0.3797960044630814,0.017327315292970265
-1.177181310242697,2.1005314214662962,-0.5488680445979093,-0.9898732890206002,-0.8282329873586036,-1.5033108053288111,-0.5170593554681077
0.28667849604826595,-0.07181424766359325,-0.5488680445979093,1.1865739289410353,-0.41706486993594233,0.6810930940297842,-0.20271425502041476
-1.3102594744509661,2.1005314214662962,-0.5488680445979093,-0.5941556130275756,-1.4449851634925956,-1.3526622605454597,-0.9099907310277238
0.10924094377057349,0.32315769217820484,-0.5488680445979093,0.19727973895847373,-0.622648928647273,0.15382318728805433,0.03304457031535491
2.149772794964037,-0.6642721574262903,-0.5488680445979093,2.175868118923597,0.4052713649093803,2.1122542694716224,1.6047700725538194
-1.4344657610453508,2.1005314214662962,-0.5488680445979093,-0.2973673560328071,-1.6505692222039263,-1.5033108053288111,-0.9728597511172623
0.25119098559272746,0.32315769217820484,-0.5488680445979093,-0.2973673560328071,-0.8282329873586036,1.2836872731631899,-0.8942734760053391
-1.7006220894618895,-0.6642721574262903,-0.5488680445979093,-0.2973673560328071,-1.6505692222039263,-0.8253923538037298,-2.1516538777961105
-1.665134579006351,1.2447588851424003,-0.35944388779223346,-1.5043062678115322,-1.3627515400080634,-1.2773379881537839,-1.6172672070350327
-0.6005092653401963,0.32315769217820484,-0.35944388779223346,-0.712870915825483,-0.5404153051627407,-0.3734467194536756,-0.6742319056919541
0.5528348244648046,-0.6642721574262903,-0.35944388779223346,0.07856443616056633,0.4875049883939126,0.5304445492464328,0.425975945874971
-1.691750211848005,1.113101571861801,-0.35944388779223346,-1.1877321270171126,-1.856153280915257,-1.6539593501121626,-1.2714875965425705
0.41088478264265066,1.3764161984229997,-0.35944388779223346,0.5929974149514984,-0.8282329873586036,-0.07214962988697277,0.8031900664122025
-2.108728459700582,0.7181296320200029,-0.738292201403585,-1.7813086410066494,-1.6505692222039263,-2.3318778016372437,-1.3029221065873398
-0.467431101131927,2.1005314214662962,-0.35944388779223346,0.5929974149514984,-0.10868878186894632,-1.4279865329371353,0.6617347712107406
-1.4876970267286587,2.1005314214662962,-0.5488680445979093,-1.1877321270171126,-1.4449851634925956,-1.2773379881537839,-1.3029221065873398
-0.24563416078481143,-0.4667861875053913,-0.5488680445979093,-0.39629677503106325,-0.622648928647273,-0.07214962988697277,-0.3598868052442612
-0.4230717130625039,-0.6642721574262903,-0.17001973098655776,-0.0005790990380386083,-0.21148081122461165,-0.3734467194536756,-0.3598868052442612
-0.4230717130625039,-0.6642721574262903,-0.35944388779223346,0.39513857695498605,-0.622648928647273,-0.3734467194536756,-0.3598868052442612
-0.866665593756735,1.113101571861801,0.20882858262479373,0.39513857695498605,-1.239401104781265,-1.1266894433704326,-0.3598868052442612
0.020522167631727255,-0.07181424766359325,0.20882858262479373,1.58229160493406,-0.8282329873586036,-0.524095264237027,0.5831484960988175
0.9077099290201895,-0.6642721574262903,0.20882858262479373,2.769444632913134,-0.41706486993594233,0.07849891489637863,1.5261837974418961
-1.3102594744509661,1.113101571861801,-0.35944388779223346,-1.0888027080188565,-0.931025016714269,-1.1266894433704326,-1.1457495563634934
-0.1569153846459652,-0.07181424766359325,-0.35944388779223346,-0.2973673560328071,-0.10868878186894632,-0.22279817467032417,-0.045541704796568314
-1.177181310242697,0.32315769217820484,-0.35944388779223346,-1.2866615460153688,-0.7254409580029383,-0.5994195366287026,-1.4600946568111863
0.4197566602565353,-0.6642721574262903,-0.35944388779223346,-0.2973673560328071,0.5080633942650457,1.0577144559881628,-0.3598868052442612
-0.20127477271538832,1.3764161984229997,-0.35944388779223346,-1.1877321270171126,0.4052713649093803,0.22914745967973002,-0.5956456305800308
-0.20127477271538832,1.3764161984229997,-0.35944388779223346,-1.1877321270171126,0.4052713649093803,-0.07214962988697277,-0.28130053013233797
0.020522167631727255,0.7181296320200029,-0.5488680445979093,-0.040150866637341076,-0.1703639994823455,-0.14747390227864848,0.19021712053920134
0.020522167631727255,0.7181296320200029,-0.5488680445979093,-0.5545838454282731,0.3641545531671142,-0.14747390227864848,0.19021712053920134
-0.24563416078481143,0.7181296320200029,-0.35944388779223346,-0.8909438700223441,0.8164394823320417,0.15382318728805433,-0.5956456305800308
-1.1150781669455045,1.7055594816244983,-0.35944388779223346,-1.069016824219205,-0.9104666108431358,-1.3375974060671245,-0.5799283755576462
0.3487816393454583,-0.2693002175844923,-0.35944388779223346,0.11813620375986879,0.3230377414248481,-0.20773332019198903,0.8346245764569717
-1.0884625341038505,1.7055594816244983,-0.35944388779223346,-0.7920144510240879,-1.1366090754255995,0.07849891489637863,-2.010198582594649
0.28667849604826595,-0.4667861875053913,-0.35944388779223346,0.19727973895847373,-0.10868878186894632,1.4343358179465413,-0.9885770061396469
-0.24563416078481143,0.3889863488185045,0.39825273943046946,-0.8909438700223441,-0.7254409580029383,-0.22279817467032417,-0.20271425502041476
0.6415536006036509,-0.4667861875053913,0.39825273943046946,-0.2973673560328071,-0.10868878186894632,0.3797960044630814,0.7403210463226639
-1.0884625341038505,2.1005314214662962,-0.35944388779223346,-0.9898732890206002,-0.622648928647273,-0.8253923538037298,-1.0671632812515701
0.28667849604826595,0.7181296320200029,-0.35944388779223346,0.39513857695498605,0.8164394823320417,0.45512027685475714,0.03304457031535491
0.37539727218711216,-0.07181424766359325,-0.35944388779223346,1.4833621859358037,0.302479335553715,-0.3734467194536756,1.0546661467703569
-0.866665593756735,2.1005314214662962,-0.35944388779223346,-1.7813086410066494,0.19968730619804967,-0.9007166261954055,-0.5956456305800308
0.37539727218711216,-0.4667861875053913,-0.35944388779223346,-0.7920144510240879,1.227607599754703,0.0031746425047029297,0.6617347712107406
-0.6005092653401963,2.1005314214662962,-0.5488680445979093,-0.5941556130275756,-0.41706486993594233,-0.524095264237027,-0.5170593554681077
-1.22154069831212,2.1005314214662962,-0.35944388779223346,-0.09950851803629476,-1.0338170460699343,-0.9007166261954055,-1.2243358314754167
-0.7779468176178888,0.32315769217820484,-0.35944388779223346,-0.5941556130275756,-0.8282329873586036,-0.3734467194536756,-0.9885770061396469
0.8189911528813433,-0.6642721574262903,-0.35944388779223346,0.5929974149514984,0.4052713649093803,0.982390183596487,0.425975945874971
-0.8223062056873119,1.2447588851424003,-0.35944388779223346,-0.4952261940293194,-0.314272840580277,-0.14747390227864848,-1.3029221065873398
0.4197566602565353,-0.4667861875053913,-0.35944388779223346,0.4940679959532422,0.7136474529763763,1.0577144559881628,-0.3598868052442612
-1.0441031460344274,2.1005314214662962,-0.35944388779223346,-0.9898732890206002,-0.5198568992916076,-1.2773379881537839,-0.5170593554681077
0.5528348244648046,-0.6642721574262903,-0.35944388779223346,0.19727973895847373,0.7136474529763763,0.07849891489637863,0.8974935965465103
0.2689347408204967,-0.07181424766359325,-0.35944388779223346,0.4940679959532422,-0.41706486993594233,0.75641736642146,-0.31273504017710724
0.2689347408204967,-0.07181424766359325,-0.35944388779223346,0.19727973895847373,0.4052713649093803,0.75641736642146,-0.31273504017710724
0.28667849604826595,-0.6642721574262903,-0.17001973098655776,-0.5941556130275756,0.8164394823320417,0.07849891489637863,0.425975945874971
0.28667849604826595,-0.6642721574262903,-0.17001973098655776,0.5929974149514984,-0.41706486993594233,0.07849891489637863,0.425975945874971
-1.2392844535398893,1.2447588851424003,-0.35944388779223346,-1.1679462432174612,-1.0954922636833335,-0.9157814806737407,-1.2400530864978012
0.35765351695934294,-0.2693002175844923,-0.35944388779223346,0.019206784761612625,0.13801208858465047,-0.01189021197363221,0.646017516188356
-1.0618469012621967,1.4422448550632994,-0.5488680445979093,-0.09950851803629476,-1.1366090754255995,-0.750068081412054,-1.0985977912963394
0.35765351695934294,0.7839582886603026,-0.5488680445979093,1.0876445099427792,0.09689527684238435,0.75641736642146,-0.15556248995326083
-1.1328219221732736,2.1005314214662962,-0.35944388779223346,-1.0888027080188565,-0.622648928647273,-1.2020137157621082,-0.7528181808038773
0.6415536006036509,-0.07181424766359325,-0.35944388779223346,0.4940679959532422,1.0220235410433722,0.0031746425047029297,1.13325242188228
-0.6448686534096194,-0.6642721574262903,0.019404425819117985,-0.6337273806268781,0.15857049445578353,-1.3526622605454597,0.2688033956511246
0.5971942125342278,-0.6642721574262903,0.019404425819117985,0.5534256473521959,0.9809067293011062,-0.14747390227864848,1.2118386969942032
-0.6448686534096194,-0.6642721574262903,0.019404425819117985,-0.09950851803629476,-1.0338170460699343,-0.07214962988697277,-1.0671632812515701
0.5971942125342278,-0.6642721574262903,0.019404425819117985,1.4833621859358037,0.19968730619804967,0.3797960044630814,0.6617347712107406
-2.020009683561736,2.1005314214662962,-0.35944388779223346,-2.2759557359979303,-1.5477771928482609,-1.6539593501121626,-1.8530260323708023
0.9964287051590358,-0.4667861875053913,-0.35944388779223346,-0.21822382083420216,1.7415677465330297,0.3948608589414166,1.353293992195665
-0.06819660850711898,-0.6642721574262903,-0.17001973098655776,-0.19843793703455093,-0.00589675251328099,-0.07214962988697277,-0.045541704796568314
0.10924094377057349,1.3764161984229997,-0.35944388779223346,0.19727973895847373,0.8164394823320417,-0.3734467194536756,0.5831484960988175
-1.177181310242697,1.7055594816244983,-0.17001973098655776,-0.7920144510240879,-0.9104666108431358,-0.4789007008020216,-1.5858326969902634
0.24231910797884282,-0.6642721574262903,-0.17001973098655776,0.5929974149514984,0.1174536827135174,0.7262876574647896,-0.32845229519949193
-1.177181310242697,1.2447588851424003,-0.17001973098655776,-0.39629677503106325,-0.41706486993594233,-1.8046078948955138,-0.20271425502041476
0.24231910797884282,-0.07181424766359325,-0.17001973098655776,0.988715090944523,1.0220235410433722,-0.9007166261954055,1.3690112472180496
0.28667849604826595,1.3764161984229997,-0.17001973098655776,0.019206784761612625,0.38471295903824726,-0.3583818649753404,0.8817763415241257
0.24231910797884282,-0.6642721574262903,-0.17001973098655776,-0.39629677503106325,0.919231511687707,-0.07214962988697277,0.5045622209868942
0.33103788411768903,-0.8617581273471894,-0.17001973098655776,0.7908562529480107,-0.10868878186894632,0.982390183596487,-0.43847308035618443
-1.4876970267286587,0.3889863488185045,-0.35944388779223346,-1.563663919210486,-1.4244267576214626,-2.1962941113322274,-0.34416955022187656
-1.1328219221732736,1.2447588851424003,-0.35944388779223346,-0.9898732890206002,-0.8282329873586036,-0.9760408985870812,-0.9885770061396469
0.4641160483259584,-0.2693002175844923,-0.35944388779223346,0.19727973895847373,0.4052713649093803,0.3797960044630814,0.425975945874971
-1.22154069831212,2.1005314214662962,-0.35944388779223346,-1.1877321270171126,-0.7254409580029383,-1.4279865329371353,-0.6742319056919541
-0.1569153846459652,0.32315769217820484,-0.35944388779223346,-0.39629677503106325,0.09689527684238435,-0.524095264237027,0.2688033956511246
0.9077099290201895,-0.6642721574262903,-0.35944388779223346,0.39513857695498605,0.919231511687707,0.3797960044630814,1.2118386969942032
-0.7335874295484657,2.1005314214662962,-0.35944388779223346,-0.02036498283768984,-0.2320392170957447,-0.6747438090203783,-0.5956456305800308
0.5084754363953815,-0.4667861875053913,-0.35944388779223346,1.1667880451413841,0.5902970177495779,0.5304445492464328,0.3473896707630478
0.5084754363953815,-0.4667861875053913,-0.35944388779223346,0.7710703691483595,1.0014651351722392,0.5304445492464328,0.3473896707630478
0.5084754363953815,-0.9275867839874891,0.39825273943046946,1.3844327669375476,-0.622648928647273,-0.3734467194536756,1.2904249721061265
-0.866665593756735,1.7055594816244983,-0.35944388779223346,-1.2866615460153688,-0.7254409580029383,-0.7199383724553838,-0.7842526908486466
-1.1328219221732736,-0.6642721574262903,0.39825273943046946,-0.2973673560328071,-1.4449851634925956,-0.750068081412054,-1.2243358314754167
-0.06819660850711898,-0.6642721574262903,0.39825273943046946,0.8897856719462669,-0.622648928647273,-0.14747390227864848,0.03304457031535491
1.528741361992113,-0.6642721574262903,0.39825273943046946,1.2855033479392914,1.0220235410433722,1.9616057246882712,0.6617347712107406
-1.1328219221732736,-1.2172328732048077,0.39825273943046946,-0.2973673560328071,-0.931025016714269,-1.4279865329371353,-0.5170593554681077
-0.06819660850711898,-1.2172328732048077,0.39825273943046946,0.4940679959532422,-0.10868878186894632,-0.524095264237027,0.425975945874971
1.528741361992113,-1.2172328732048077,0.39825273943046946,2.2747975379218532,0.919231511687707,1.2836872731631899,1.3690112472180496
1.3513038097144208,-1.2172328732048077,1.9136459938758754,2.967303470909646,0.19968730619804967,-0.22279817467032417,2.6263916490088213
1.3513038097144208,-1.2172328732048077,1.9136459938758754,-0.0005790990380386083,3.2834481868680094,-0.22279817467032417,2.6263916490088213
1.3513038097144208,-1.2172328732048077,1.9136459938758754,1.4833621859358037,1.7415677465330297,-0.22279817467032417,2.6263916490088213
1.528741361992113,-1.2172328732048077,3.4290392483212813,0.39513857695498605,2.049943834600026,1.2836872731631899,1.3690112472180496
1.528741361992113,-1.2172328732048077,3.4290392483212813,0.39513857695498605,2.049943834600026,1.735632907513244,0.8974935965465103
2.149772794964037,-1.2172328732048077,3.4290392483212813,0.7908562529480107,3.077864128156679,1.8862814522965954,1.840528897889589
2.149772794964037,-1.2172328732048077,3.4290392483212813,2.769444632913134,1.0220235410433722,1.8862814522965954,1.840528897889589
2.238491571102883,-0.6642721574262903,3.4290392483212813,1.7801504429305723,2.049943834600026,2.714848448605028,1.13325242188228
1.528741361992113,-1.2172328732048077,3.4290392483212813,0.988715090944523,1.227607599754703,1.2836872731631899,1.3690112472180496
1.528741361992113,-1.2172328732048077,3.4290392483212813,0.988715090944523,1.227607599754703,3.5434154449134607,-0.9885770061396469
-0.9731281251233505,-0.6642721574262903,-0.35944388779223346,-0.3567250074317608,-0.8282329873586036,-1.066430025457092,-0.6113628856024155
-0.20127477271538832,-0.6642721574262903,-0.35944388779223346,0.47428211215359095,-0.41706486993594233,-0.524095264237027,0.19021712053920134
0.8633505409507665,-0.6642721574262903,-0.35944388779223346,1.2657174641396403,0.4052713649093803,0.3797960044630814,1.13325242188228
-1.0529750236483122,-0.6642721574262903,-0.35944388779223346,-0.9503015214212978,-0.7871161756163375,-0.5692898276720324,-1.2714875965425705
-0.20127477271538832,-0.6642721574262903,-0.35944388779223346,-0.39629677503106325,-0.21148081122461165,0.334601441028076,-0.7056664157367234
0.943197439475728,-0.6642721574262903,-0.35944388779223346,0.4940679959532422,0.7136474529763763,1.524724944816552,0.08019633538250884
-1.008615635578889,-0.6642721574262903,-0.35944388779223346,-0.9107297538219953,-0.4787400875493415,-0.9459111896304109,-0.7999699458710312
-0.20127477271538832,-0.6642721574262903,-0.35944388779223346,-0.3171532398324583,0.34359614729598115,-0.2679927381053296,-0.0769762148413376
0.9077099290201895,-0.6642721574262903,-0.35944388779223346,0.47428211215359095,1.4743084702082998,0.6358985305947789,0.9446453616136643
-1.620775190936928,2.1005314214662962,-0.5488680445979093,-1.2866615460153688,-1.6505692222039263,-1.0513651709787568,-1.7744397572588793
-0.7779468176178888,0.32315769217820484,-0.5488680445979093,-0.4952261940293194,-1.239401104781265,-0.29812244706199986,-1.0671632812515701
0.5084754363953815,-0.6642721574262903,-0.5488680445979093,0.7908562529480107,-0.622648928647273,0.8317416388131357,0.03304457031535491
-1.5764158028675048,2.1005314214662962,-0.5488680445979093,-1.2866615460153688,-1.3421931341369302,-1.5635702232421516,-1.1614668113858782
-0.1569153846459652,0.4153178114746244,-0.5488680445979093,-0.09950851803629476,-0.5198568992916076,-0.05708477540863763,-0.2184315100427994
-2.0732409492450437,2.1005314214662962,-0.5488680445979093,-1.662593338208742,-1.5272187869771279,-2.105904984462217,-1.4758119118335709
-0.3875842026069654,-0.6642721574262903,-0.5488680445979093,-0.2775814722331559,-0.7048825521318053,-0.14747390227864848,-0.5327766104904923
-1.4610813938870046,1.8372167949050977,-0.35944388779223346,-1.0096591728202515,-1.3627515400080634,-0.9760408985870812,-1.5701154419678789
-0.5738936324985424,0.32315769217820484,-0.35944388779223346,-0.3171532398324583,-0.6432073345184061,-0.14747390227864848,-0.8628389659605699
0.8456067857229972,-0.6642721574262903,-0.35944388779223346,0.9689292071448717,0.6930890471052432,1.0577144559881628,0.39454143583020174
-1.3102594744509661,2.1005314214662962,-0.35944388779223346,-1.6823792220083933,-0.41706486993594233,-1.2020137157621082,-1.0671632812515701
0.7746317648119202,-0.2693002175844923,-0.35944388779223346,-0.2973673560328071,1.844359775888695,1.0577144559881628,0.2688033956511246
-0.6892280414790426,-0.6642721574262903,0.019404425819117985,0.29620915795672986,-1.6505692222039263,-0.02695506645196735,-1.1929013214306474
0.5971942125342278,-0.6642721574262903,0.019404425819117985,1.4833621859358037,-0.5198568992916076,1.102909019423168,-0.09269346986372225
-0.6892280414790426,-0.6642721574262903,0.019404425819117985,0.19727973895847373,-0.21148081122461165,-1.5183756598071463,0.3631069257854324
0.5971942125342278,-0.6642721574262903,0.019404425819117985,1.3844327669375476,0.919231511687707,-1.292402842632119,2.406350078695436
-1.807084620828505,0.32315769217820484,-0.5488680445979093,-1.5043062678115322,-1.3627515400080634,-1.819672749373849,-1.3029221065873398
-0.03270909805158048,-0.6642721574262903,-0.5488680445979093,-0.119294401835946,0.8986731058165739,-0.6144843911070378,0.5831484960988175
-0.03270909805158048,-0.6642721574262903,-0.5488680445979093,-0.119294401835946,0.07633687097125127,0.5907039671597734,-0.6742319056919541
-1.6296470685508126,0.32315769217820484,-0.5488680445979093,-1.5438780354108348,-1.4038683517503294,-1.2773379881537839,-1.5543981869454941
0.41088478264265066,-0.6642721574262903,-0.5488680445979093,0.6325691825508009,0.8575562940743078,-0.22279817467032417,0.9603626166360489
-0.20127477271538832,1.3764161984229997,-0.738292201403585,-0.6930850320258317,-0.10868878186894632,-0.44877099184535124,0.11163084542727814
-0.866665593756735,1.2447588851424003,-0.35944388779223346,-0.9898732890206002,-1.0338170460699343,-0.07214962988697277,-1.4600946568111863
0.5971942125342278,-0.2693002175844923,-0.35944388779223346,0.19727973895847373,-0.10868878186894632,1.3590115455548655,-0.3598868052442612
-1.3546188625203892,1.2447588851424003,-0.35944388779223346,-1.3855909650136249,-0.5198568992916076,-1.2472082791971137,-1.0985977912963394
0.1979597199094197,-0.2693002175844923,-0.35944388779223346,-0.39629677503106325,0.5080633942650457,0.2592771686364003,0.08019633538250884
-0.9110249818261581,1.2447588851424003,-0.35944388779223346,-1.069016824219205,-0.4376232758070754,-1.1417542978487678,-0.4227558253337998
0.4197566602565353,-0.2693002175844923,-0.35944388779223346,0.019206784761612625,0.6930890471052432,-0.01189021197363221,0.7560383013450486
0.48185980355372765,-0.6642721574262903,-0.35944388779223346,0.3159950417563811,-0.29371443470914393,0.9070659112048113,-0.09269346986372225
-0.7069717967068118,0.3889863488185045,0.019404425819117985,-1.30644742981502,-0.7459993638740714,-0.524095264237027,-0.7056664157367234
0.6238098453758816,-0.4667861875053913,0.019404425819117985,-0.5150120778289706,0.07633687097125127,0.5304445492464328,0.5517139860540482
-0.6892280414790426,1.2447588851424003,-0.35944388779223346,-0.7920144510240879,-0.8282329873586036,-0.29812244706199986,-0.9099907310277238
0.4641160483259584,-0.4667861875053913,-0.35944388779223346,0.19727973895847373,0.19968730619804967,0.3044717320714057,0.5045622209868942
0.5971942125342278,-0.6642721574262903,-0.17001973098655776,-0.5941556130275756,1.4331916584660336,0.8317416388131357,0.19021712053920134
0.6859129886730739,-0.8617581273471894,-0.35944388779223346,0.5336397635525446,0.34359614729598115,1.298752127641525,-0.13984523493087617
-1.0441031460344274,1.2447588851424003,-0.35944388779223346,-1.049230940419554,-1.259959510652398,-0.4939655552803567,-1.3343566166321092
0.21570347513718896,-0.2693002175844923,-0.35944388779223346,-0.07972263423664354,-0.3553896523225431,0.6509633850731139,-0.2970177851547226
-1.265900086381543,0.32315769217820484,-0.17001973098655776,-1.3855909650136249,-0.5198568992916076,-1.1266894433704326,-1.0671632812515701
-0.8755374713706197,1.7055594816244983,-0.35944388779223346,-0.7920144510240879,-1.1982842930389987,-0.5542249731936972,-0.9728597511172623
0.4552441707120738,-0.4667861875053913,-0.35944388779223346,0.19727973895847373,-0.1703639994823455,0.5003148402897626,0.28452065067350923
-1.1328219221732736,2.1005314214662962,-0.35944388779223346,-0.7920144510240879,-0.622648928647273,-2.166164402375557,0.2530861406287399
0.6415536006036509,-0.07181424766359325,-0.35944388779223346,1.0876445099427792,1.1248155703990377,-0.20773332019198903,1.353293992195665
-1.22154069831212,2.1005314214662962,-0.35944388779223346,0.4940679959532422,-1.7533612515595915,-1.7292836225038382,-0.3598868052442612
-1.0441031460344274,0.6523009753797032,-0.17001973098655776,-1.5834498030101372,0.4052713649093803,-0.9007166261954055,-0.9099907310277238
-1.8425721312840435,0.45481500545880416,0.39825273943046946,-2.770602830989211,-1.239401104781265,-2.4825263464205953,-0.6742319056919541
-0.14804350703208058,-0.8617581273471894,-0.35944388779223346,-0.7920144510240879,-0.1292471877400794,0.5003148402897626,-0.7842526908486466
0.5084754363953815,0.05984306561700611,0.019404425819117985,0.988715090944523,1.227607599754703,0.06343406041804349,0.8346245764569717
-1.1328219221732736,-0.6642721574262903,0.39825273943046946,-0.6930850320258317,-1.1366090754255995,-0.9459111896304109,-1.0200115161844163
-0.1569153846459652,-0.6642721574262903,0.39825273943046946,0.09835031996021755,-0.7254409580029383,0.1086286238530489,-0.39132131528903047
1.528741361992113,-0.6642721574262903,0.39825273943046946,1.4833621859358037,0.5080633942650457,1.4644655269032114,1.180404186949434
-0.33435293692365764,-0.5984435007859906,0.39825273943046946,-0.4952261940293194,-0.314272840580277,-1.2773379881537839,0.7403210463226639
-1.265900086381543,-0.2693002175844923,-0.17001973098655776,-0.7920144510240879,-1.3421931341369302,-0.750068081412054,-1.4600946568111863
0.8633505409507665,-0.6642721574262903,-0.17001973098655776,0.5929974149514984,0.919231511687707,1.509660090338217,-0.045541704796568314
-0.866665593756735,0.5864723187394035,0.019404425819117985,-0.0005790990380386083,-1.239401104781265,-1.0965597344137623,-0.39132131528903047
0.8633505409507665,-0.4667861875053913,0.019404425819117985,1.58229160493406,-0.00589675251328099,0.1839528962447246,1.3375767371732803
-0.866665593756735,0.32315769217820484,-0.35944388779223346,-0.19843793703455093,-1.1366090754255995,-1.0513651709787568,-0.43847308035618443
0.6415536006036509,-0.6642721574262903,-0.35944388779223346,0.988715090944523,-0.10868878186894632,0.45512027685475714,0.6617347712107406
-1.1328219221732736,0.5864723187394035,-0.738292201403585,-0.9700874052209489,-0.8076745814874706,-0.6446141000637081,-1.3343566166321092
0.5528348244648046,-0.2693002175844923,-0.35944388779223346,0.4149244607546373,0.22024571206918273,0.9371956201614816,0.0016100602705856198
0.2334472303649582,1.3764161984229997,-0.17001973098655776,0.4347103445542885,0.4463881766516465,0.3195365865497409,0.08019633538250884
-0.866665593756735,1.2447588851424003,-0.35944388779223346,-0.8909438700223441,-0.622648928647273,-0.7651329358903892,-0.7371009257814927
0.28667849604826595,-0.2693002175844923,-0.35944388779223346,-0.09950851803629476,0.302479335553715,0.21408260520139488,0.28452065067350923
-0.7335874295484657,-0.9275867839874891,-0.17001973098655776,-1.5834498030101372,0.8164394823320417,-1.2773379881537839,0.03304457031535491
-0.8311780833011966,0.32315769217820484,-0.35944388779223346,-0.7524426834247855,-0.37594805819367616,-0.7651329358903892,-0.6742319056919541
0.5883223349203431,-0.4667861875053913,-0.35944388779223346,0.33578092555603234,0.7547642647186424,0.440055422376422,0.5831484960988175
0.7302723767424971,-0.6642721574262903,-0.35944388779223346,0.6919268339497545,-0.21148081122461165,1.1330387283798384,0.11163084542727814
0.9520693170896126,-0.8617581273471894,-0.35944388779223346,0.6919268339497545,1.6387757171773643,0.6810930940297842,0.9760798716584336
0.7746317648119202,-0.8617581273471894,-0.35944388779223346,0.5929974149514984,0.7136474529763763,0.0031746425047029297,1.3690112472180496
0.9520693170896126,-0.8617581273471894,-0.35944388779223346,2.3737269569201094,-0.622648928647273,0.3044717320714057,1.3690112472180496
0.9520693170896126,-0.8617581273471894,-0.35944388779223346,1.4833621859358037,0.4052713649093803,0.6810930940297842,0.9760798716584336
0.9964287051590358,-0.8617581273471894,-0.17001973098655776,0.7908562529480107,0.8164394823320417,1.4795303813815466,0.22165163058397064
0.9964287051590358,-0.8617581273471894,-0.17001973098655776,0.23685150655777618,1.6387757171773643,1.3288818365981951,0.3788241808078171
1.0407880932284588,-0.8617581273471894,-0.738292201403585,-0.09950851803629476,1.9471518052443604,0.5304445492464328,1.2904249721061265
0.7746317648119202,-0.8617581273471894,-0.35944388779223346,0.23685150655777618,0.6519722353629771,1.087844164944833,0.23736888560635527
0.8633505409507665,-0.6642721574262903,0.20882858262479373,1.7801504429305723,-0.314272840580277,0.75641736642146,0.7403210463226639
0.8633505409507665,-0.6642721574262903,0.20882858262479373,0.39513857695498605,1.7415677465330297,0.6057688216381085,0.8974935965465103
0.7302723767424971,-0.8617581273471894,-0.35944388779223346,1.3844327669375476,-0.41706486993594233,0.3044717320714057,0.9760798716584336
0.9077099290201895,-0.5984435007859906,-0.35944388779223346,1.1865739289410353,-0.21148081122461165,0.982390183596487,0.5831484960988175
0.9520693170896126,-0.8617581273471894,-0.35944388779223346,-0.0005790990380386083,1.4331916584660336,1.3590115455548655,0.2688033956511246
0.801247397653574,-0.6642721574262903,-0.35944388779223346,0.7908562529480107,0.8164394823320417,0.8317416388131357,0.5517139860540482
0.8633505409507665,-0.4667861875053913,-0.35944388779223346,0.988715090944523,1.7415677465330297,-0.6747438090203783,2.233460273449205
0.8633505409507665,-0.6642721574262903,-0.17001973098655776,1.6812210239323162,1.227607599754703,-0.07214962988697277,1.6047700725538194
0.4641160483259584,-0.2693002175844923,-0.35944388779223346,-0.0005790990380386083,0.19968730619804967,0.8317416388131357,-0.045541704796568314
0.10924094377057349,-0.6642721574262903,-0.35944388779223346,-0.45565442643001697,0.6519722353629771,0.3195365865497409,-0.13984523493087617
1.3513038097144208,-1.2172328732048077,1.9136459938758754,1.0876445099427792,1.3303996291103684,0.45512027685475714,1.9191151730015121
1.3513038097144208,-1.2172328732048077,1.9136459938758754,1.1865739289410353,1.4331916584660336,1.1330387283798384,1.2118386969942032
1.3513038097144208,-1.2172328732048077,1.9136459938758754,0.8897856719462669,1.1248155703990377,2.262902814254974,0.03304457031535491
2.238491571102883,-1.2172328732048077,3.4290392483212813,1.7801504429305723,2.2555278933113563,2.187578541863298,1.6833563476657425
2.238491571102883,-1.2172328732048077,3.4290392483212813,1.3844327669375476,2.6666960107340176,2.3382270866466497,1.5261837974418961
1.528741361992113,-1.2172328732048077,-0.738292201403585,0.9095715557459181,1.9677102111154934,1.2384927097281844,1.4161630122852036
2.149772794964037,-1.2172328732048077,3.4290392483212813,2.3737269569201094,1.0220235410433722,1.8862814522965954,1.840528897889589
2.238491571102883,-1.2172328732048077,3.4290392483212813,1.3844327669375476,1.6387757171773643,1.1330387283798384,2.783564199232668
1.3513038097144208,-1.2172328732048077,3.4290392483212813,0.5929974149514984,1.1248155703990377,0.22914745967973002,2.154873998337282
0.4641160483259584,-0.8617581273471894,0.39825273943046946,0.19727973895847373,0.4052713649093803,0.3797960044630814,0.425975945874971
1.528741361992113,-1.2172328732048077,-0.738292201403585,0.988715090944523,1.227607599754703,1.2836872731631899,1.3690112472180496
1.528741361992113,-1.2172328732048077,3.4290392483212813,0.5929974149514984,1.7415677465330297,2.036929997079947,0.5831484960988175
1.528741361992113,-0.6642721574262903,3.4290392483212813,0.988715090944523,1.227607599754703,1.2836872731631899,1.3690112472180496
2.593366675658268,-1.2172328732048077,3.4290392483212813,1.7801504429305723,2.049943834600026,2.187578541863298,2.312046548561128
1.528741361992113,-1.2172328732048077,3.4290392483212813,0.988715090944523,1.227607599754703,1.2836872731631899,1.3690112472180496
-1.0618469012621967,-0.6642721574262903,-0.35944388779223346,-0.9898732890206002,-0.8282329873586036,-0.9308463351520757,-0.9099907310277238
-0.13029975180431133,-0.6642721574262903,-0.35944388779223346,-0.2973673560328071,-0.10868878186894632,-0.17760361123531876,-0.045541704796568314
0.8899661737924203,-0.6642721574262903,-0.35944388779223346,0.39513857695498605,0.610855423620711,0.7262876574647896,0.8189073214345871
-1.0618469012621967,-0.6642721574262903,-0.35944388779223346,-0.8315862186233903,-1.0338170460699343,-0.9308463351520757,-0.9099907310277238
-0.08594036373488823,-0.6642721574262903,-0.35944388779223346,-0.040150866637341076,-0.314272840580277,0.04836920593970835,-0.20271425502041476
0.8899661737924203,-0.6642721574262903,-0.35944388779223346,0.7512844853487082,0.5080633942650457,1.102909019423168,0.425975945874971
-1.0618469012621967,-0.6642721574262903,-0.35944388779223346,-0.9898732890206002,-0.6637657403895391,-0.7801977903687244,-1.0671632812515701
-0.13029975180431133,-0.6642721574262903,-0.35944388779223346,-0.2973673560328071,0.05577846510011821,0.04836920593970835,-0.28130053013233797
0.8899661737924203,-0.6642721574262903,-0.35944388779223346,0.6919268339497545,0.7753226705897756,0.9522604746398168,0.5831484960988175
-1.5320564147980817,2.1005314214662962,-0.5488680445979093,-1.1085885918185077,-1.3627515400080634,-1.2472082791971137,-1.4129428917440323
-0.06819660850711898,2.1005314214662962,-0.35944388779223346,0.07856443616056633,-0.2320392170957447,0.1086286238530489,-0.23414876506518403
-1.3546188625203892,2.1005314214662962,-0.5488680445979093,-0.8909438700223441,-1.4449851634925956,-1.1266894433704326,-1.2243358314754167
-0.5117904892013501,0.32315769217820484,-0.5488680445979093,-0.09950851803629476,-0.8282329873586036,-0.5994195366287026,-0.28130053013233797
0.6415536006036509,-0.6642721574262903,-0.5488680445979093,0.988715090944523,-0.10868878186894632,0.3044717320714057,0.8189073214345871
-1.3013875968370816,2.1005314214662962,-0.35944388779223346,-1.2470897784160662,-1.0954922636833335,-0.7350032269337189,-1.5386809319231096
0.16247220945388122,-0.07181424766359325,-0.35944388779223346,-0.2380097046338534,-0.04701356425554712,1.0125198925531573,-0.7685354358262619
-0.9908718803511197,1.2447588851424003,-0.35944388779223346,-0.9700874052209489,-0.8076745814874706,-0.6747438090203783,-1.0514460262291856
0.6238098453758816,-0.2693002175844923,-0.35944388779223346,0.21706562275812494,0.42582977078051343,1.2384927097281844,-0.1869969999980301
-0.9908718803511197,1.2447588851424003,-0.35944388779223346,-0.9700874052209489,-0.8076745814874706,-0.6747438090203783,-1.0514460262291856
0.6238098453758816,-0.2693002175844923,-0.35944388779223346,0.21706562275812494,0.42582977078051343,1.2384927097281844,-0.1869969999980301
-0.9908718803511197,1.2447588851424003,-0.35944388779223346,-0.9700874052209489,-0.8076745814874706,-0.6747438090203783,-1.0514460262291856
0.6238098453758816,-0.2693002175844923,-0.35944388779223346,0.21706562275812494,0.42582977078051343,1.2384927097281844,-0.1869969999980301
-1.2037969430843507,1.2447588851424003,-0.738292201403585,-1.5834498030101372,-0.37594805819367616,-1.488245950850476,-0.5799283755576462
0.5262191916231508,-0.2693002175844923,-0.738292201403585,-0.19843793703455093,1.2687244114969691,-0.3583818649753404,1.306142227128511
-1.4522095162731201,2.1005314214662962,-0.5488680445979093,-0.8909438700223441,-1.5272187869771279,-1.2170785702404434,-1.3029221065873398
-0.6182530205679656,0.32315769217820484,-0.5488680445979093,-0.21822382083420216,-0.9927002343276682,-0.3433170104970053,-0.7371009257814927
0.5350910692370354,-0.6642721574262903,-0.5488680445979093,0.8897856719462669,-0.41706486993594233,0.8769362022481411,0.03304457031535491
-1.177181310242697,1.2447588851424003,-0.35944388779223346,-1.14816035941781,-1.1982842930389987,-0.43370613736701613,-1.6329844620574174
0.6149379677619969,-0.2693002175844923,-0.35944388779223346,0.2566373903574274,0.05577846510011821,1.2234278552498492,-0.1869969999980301
-1.3102594744509661,2.1005314214662962,-0.5488680445979093,0.19727973895847373,-1.856153280915257,-1.5033108053288111,-0.7528181808038773
-0.33435293692365764,0.32315769217820484,-0.5488680445979093,1.1865739289410353,-1.0338170460699343,-0.5994195366287026,0.03304457031535491
0.7746317648119202,-0.6642721574262903,-0.5488680445979093,2.2747975379218532,-0.00589675251328099,0.07849891489637863,1.2904249721061265
-0.9287687370539274,1.2447588851424003,-0.5488680445979093,-1.227303894616415,-0.8693497991008697,-0.6446141000637081,-0.9728597511172623
-0.02383722043769586,-0.6642721574262903,-0.5488680445979093,-0.7524426834247855,-0.1703639994823455,0.5003148402897626,-0.5642111205352616
-0.8844093489845043,0.32315769217820484,-0.35944388779223346,-0.4952261940293194,-1.3421931341369302,-0.4789007008020216,-1.0671632812515701
0.7125286215147278,-0.4667861875053913,-0.35944388779223346,0.8897856719462669,-0.5198568992916076,0.8769362022481411,0.3473896707630478
0.1536003318399966,2.1005314214662962,-0.35944388779223346,-0.07972263423664354,0.1174536827135174,-0.6747438090203783,0.9760798716584336
-1.0884625341038505,1.113101571861801,-0.35944388779223346,-0.2973673560328071,-1.6505692222039263,-1.1266894433704326,-0.7528181808038773
-0.20127477271538832,-0.07181424766359325,-0.35944388779223346,0.7908562529480107,-1.0338170460699343,-0.44877099184535124,0.11163084542727814
0.6859129886730739,-0.6642721574262903,-0.35944388779223346,1.6812210239323162,-0.41706486993594233,0.3797960044630814,0.8189073214345871
-1.1860531878565814,2.1005314214662962,-0.35944388779223346,-1.1877321270171126,-1.0338170460699343,-0.7651329358903892,-1.3029221065873398
-0.3875842026069654,0.32315769217820484,-0.35944388779223346,-0.5941556130275756,-0.41706486993594233,-0.2378630291486593,-0.43847308035618443
0.7214004991286125,-0.6642721574262903,-0.35944388779223346,0.39513857695498605,0.4052713649093803,0.5907039671597734,0.6617347712107406
0.33103788411768903,-0.6642721574262903,-0.35944388779223346,0.6919268339497545,-0.5198568992916076,-0.5994195366287026,1.2118386969942032
0.33103788411768903,-0.6642721574262903,-0.35944388779223346,0.988715090944523,-0.7254409580029383,0.3797960044630814,0.19021712053920134
-1.0441031460344274,2.1005314214662962,-0.5488680445979093,-0.5347979616286219,-0.8282329873586036,-1.2020137157621082,-0.5956456305800308
-0.4230717130625039,0.32315769217820484,-0.5488680445979093,0.05877855236091509,-0.21148081122461165,-0.9007166261954055,0.19021712053920134
0.6415536006036509,-0.6642721574262903,-0.5488680445979093,0.652355066350452,0.19968730619804967,0.75641736642146,0.3473896707630478
-1.4876970267286587,2.1005314214662962,-0.5488680445979093,-0.9107297538219953,-1.4655435693637286,-1.2472082791971137,-1.3343566166321092
-0.6005092653401963,0.32315769217820484,-0.5488680445979093,0.07856443616056633,-0.4376232758070754,-1.0965597344137623,0.08019633538250884
0.5084754363953815,-0.6642721574262903,-0.35944388779223346,0.7710703691483595,-0.33483124645141005,0.7865470753781302,0.08019633538250884
-1.3102594744509661,1.2447588851424003,-0.35944388779223346,-1.2470897784160662,-1.0954922636833335,-1.2773379881537839,-0.9885770061396469
0.4641160483259584,-0.2693002175844923,-0.35944388779223346,0.038992668561263856,0.2408041179403158,0.6810930940297842,0.11163084542727814
-1.3102594744509661,1.2447588851424003,-0.35944388779223346,-1.2866615460153688,-0.41706486993594233,-1.2020137157621082,-1.0671632812515701
0.4641160483259584,-0.2693002175844923,-0.35944388779223346,-0.2973673560328071,0.919231511687707,0.6810930940297842,0.11163084542727814
0.28667849604826595,-0.9275867839874891,0.39825273943046946,0.13792208755952,-0.10868878186894632,0.8317416388131357,-0.3598868052442612
-1.2037969430843507,1.113101571861801,-0.35944388779223346,-0.8513721024230416,-1.4449851634925956,-0.6446141000637081,-1.4600946568111863
-0.680356163865158,-0.07181424766359325,-0.35944388779223346,-0.45565442643001697,-1.0338170460699343,-0.20773332019198903,-0.9885770061396469
0.8101192752674586,-0.6642721574262903,-0.35944388779223346,0.9293574395455693,-0.10868878186894632,0.8920010567264762,0.5045622209868942
-0.9997437579650044,0.32315769217820484,-0.35944388779223346,-0.2973673560328071,-1.6505692222039263,-0.9007166261954055,-0.8314044559158005
0.4641160483259584,-0.4667861875053913,-0.35944388779223346,0.8897856719462669,-1.1366090754255995,0.75641736642146,0.03304457031535491
0.29555037366215053,2.1005314214662962,-0.35944388779223346,0.05877855236091509,0.6725306412341102,0.5605742582031031,-0.061258959818952956
-0.9110249818261581,1.2447588851424003,-0.35944388779223346,-0.0005790990380386083,-1.4449851634925956,-0.9007166261954055,-0.6742319056919541
0.5084754363953815,-0.2693002175844923,-0.35944388779223346,1.58229160493406,-0.00589675251328099,0.0031746425047029297,0.8974935965465103
-0.7069717967068118,1.113101571861801,-0.5488680445979093,-0.09950851803629476,-0.7254409580029383,-0.8555220627604,-0.3598868052442612
0.5350910692370354,-0.07181424766359325,-0.5488680445979093,1.0876445099427792,0.4052713649093803,-0.32825215601867014,1.2904249721061265
0.5528348244648046,-0.6642721574262903,-0.35944388779223346,-0.2380097046338534,0.8781146999454409,0.6509633850731139,0.30023790569589387
-1.1062062893316198,1.2447588851424003,-0.17001973098655776,-0.6930850320258317,-0.41706486993594233,-1.5033108053288111,-0.39132131528903047
0.49073168116761223,-0.07181424766359325,-0.17001973098655776,0.8897856719462669,1.227607599754703,-0.5994195366287026,1.4947492873971269
-0.6448686534096194,-0.6642721574262903,0.019404425819117985,0.6127832987511496,-0.8693497991008697,-0.9308463351520757,-0.17127974497564546
0.5971942125342278,-0.6642721574262903,0.019404425819117985,1.7999363267302235,0.15857049445578353,0.12369347833138405,0.9289281065912797
-0.23676228317092682,-0.6642721574262903,0.019404425819117985,0.13792208755952,-0.4376232758070754,0.6208336761164437,-1.0671632812515701
1.2359694007339206,-0.6642721574262903,0.019404425819117985,1.0876445099427792,0.7547642647186424,2.2177082508199684,-0.12412797990849153
-0.8755374713706197,1.2447588851424003,-0.35944388779223346,-0.7524426834247855,-0.7871161756163375,-0.9007166261954055,-0.6113628856024155
0.41088478264265066,-0.4667861875053913,-0.35944388779223346,0.5336397635525446,0.03522005922898514,0.22914745967973002,0.4888449659645096
-0.866665593756735,-0.2693002175844923,-0.17001973098655776,-0.8909438700223441,-0.41706486993594233,-0.07214962988697277,-1.4600946568111863
0.7302723767424971,-0.6642721574262903,-0.35944388779223346,0.29620915795672986,0.8164394823320417,1.735632907513244,-0.5170593554681077
-1.1328219221732736,2.1005314214662962,-0.5488680445979093,-1.1877321270171126,-1.239401104781265,-0.750068081412054,-1.2243358314754167
0.37539727218711216,-0.4667861875053913,-0.5488680445979093,0.09835031996021755,-0.314272840580277,0.9070659112048113,-0.28130053013233797
-1.22154069831212,1.3764161984229997,-0.35944388779223346,-1.3855909650136249,-0.41706486993594233,-1.2773379881537839,-0.8314044559158005
-0.33435293692365764,0.05984306561700611,-0.35944388779223346,-0.6930850320258317,0.4052713649093803,-0.5994195366287026,0.03304457031535491
0.5528348244648046,-0.5984435007859906,-0.35944388779223346,-0.0005790990380386083,1.3303996291103684,0.0031746425047029297,0.9760798716584336
-1.22154069831212,1.3764161984229997,-0.35944388779223346,-1.5834498030101372,0.302479335553715,-0.9007166261954055,-1.2243358314754167
-0.5117904892013501,0.05984306561700611,-0.35944388779223346,-1.1877321270171126,0.919231511687707,-0.29812244706199986,-0.5956456305800308
0.5528348244648046,-0.5984435007859906,-0.35944388779223346,-0.19843793703455093,1.4331916584660336,0.07849891489637863,0.8974935965465103
-1.0884625341038505,1.2447588851424003,-0.35944388779223346,-1.1085885918185077,-0.9515834225854021,-1.0814948799354271,-0.7999699458710312
0.402012905028766,-0.6642721574262903,-0.35944388779223346,-0.0005790990380386083,0.19968730619804967,0.8618713477698059,-0.1869969999980301
-1.0884625341038505,2.1005314214662962,-0.35944388779223346,-0.9898732890206002,-0.314272840580277,-0.8404572082820649,-1.0514460262291856
-0.28999354885423456,0.32315769217820484,-0.35944388779223346,-0.39629677503106325,0.302479335553715,-0.16253875675698362,-0.34416955022187656
0.9520693170896126,-0.6642721574262903,-0.35944388779223346,0.5929974149514984,1.3303996291103684,1.0426496015098277,0.5988657511212021
-0.8223062056873119,1.2447588851424003,-0.35944388779223346,-0.7920144510240879,-1.0338170460699343,-0.5994195366287026,-0.8314044559158005
0.4197566602565353,-0.2693002175844923,-0.35944388779223346,0.39513857695498605,-0.21148081122461165,0.6057688216381085,0.11163084542727814
0.002778412403958008,1.3764161984229997,-0.35944388779223346,-0.2973673560328071,-0.10868878186894632,0.5756391126814382,-0.5956456305800308
-0.9997437579650044,1.3764161984229997,-0.5488680445979093,-0.5941556130275756,-1.1366090754255995,-0.5994195366287026,-1.1457495563634934
0.5971942125342278,-0.2693002175844923,-0.5488680445979093,1.7801504429305723,0.5080633942650457,0.0031746425047029297,1.0546661467703569
-1.1860531878565814,1.2447588851424003,-0.35944388779223346,-0.9898732890206002,-0.622648928647273,-1.3526622605454597,-0.6899491607143388
0.32216600650380445,-0.2693002175844923,-0.35944388779223346,0.09835031996021755,0.5080633942650457,-0.22279817467032417,0.8031900664122025
-0.8223062056873119,1.2447588851424003,-0.35944388779223346,-1.1877321270171126,0.19968730619804967,-1.0513651709787568,-0.3598868052442612
0.4641160483259584,-0.4667861875053913,-0.35944388779223346,-0.39629677503106325,1.0220235410433722,-0.14747390227864848,0.9760798716584336
0.37539727218711216,-0.2693002175844923,0.39825273943046946,0.09835031996021755,-1.1366090754255995,-0.524095264237027,1.2118386969942032
-0.9642562475094659,1.2447588851424003,-0.35944388779223346,-1.049230940419554,-0.6843241462606722,-0.6898086634987135,-0.9885770061396469
0.3931410274148814,-0.2693002175844923,-0.35944388779223346,-0.25779558843350464,0.34359614729598115,1.0125198925531573,-0.3598868052442612
-1.0884625341038505,2.1005314214662962,-0.35944388779223346,-0.1786520532348997,-0.622648928647273,-1.9703212941572004,0.12734810044966277
0.54396294685092,-0.07181424766359325,-0.35944388779223346,1.4833621859358037,0.610855423620711,-0.7048735179770487,1.6990736026881272
-1.1328219221732736,0.45481500545880416,-0.35944388779223346,-0.4952261940293194,-0.7254409580029383,-1.2773379881537839,-0.6742319056919541
0.10924094377057349,-0.4667861875053913,-0.35944388779223346,0.4940679959532422,0.302479335553715,-0.22279817467032417,0.425975945874971
0.8189911528813433,-0.8617581273471894,-0.35944388779223346,1.2855033479392914,0.302479335553715,0.6810930940297842,0.7403210463226639
-1.3546188625203892,1.2447588851424003,-0.35944388779223346,-1.0888027080188565,-1.1366090754255995,-0.8253923538037298,-1.5386809319231096
-0.20127477271538832,-0.4667861875053913,-0.35944388779223346,0.09835031996021755,0.09689527684238435,-0.22279817467032417,-0.12412797990849153
0.7746317648119202,-0.8617581273471894,-0.35944388779223346,0.8897856719462669,0.919231511687707,0.8317416388131357,0.5045622209868942
-0.8223062056873119,2.1005314214662962,-0.35944388779223346,-0.7920144510240879,-0.00589675251328099,-0.6747438090203783,-0.7528181808038773
0.5084754363953815,-0.07181424766359325,-0.35944388779223346,-0.0005790990380386083,1.6387757171773643,0.3797960044630814,0.5045622209868942
-1.3546188625203892,1.2447588851424003,-0.35944388779223346,-1.2866615460153688,-0.41706486993594233,-1.5033108053288111,-0.8314044559158005
-0.5117904892013501,-0.07181424766359325,-0.35944388779223346,-0.9898732890206002,0.302479335553715,-0.3734467194536756,-0.5170593554681077
0.8189911528813433,-0.6642721574262903,-0.35944388779223346,-0.09950851803629476,1.9471518052443604,0.982390183596487,0.425975945874971
-0.9553843698955813,-0.2693002175844923,0.39825273943046946,-0.05993675043699231,-1.4449851634925956,-0.6144843911070378,-1.0514460262291856
-0.1569153846459652,-0.4667861875053913,0.39825273943046946,0.731498601549057,-1.0338170460699343,0.1387583328097192,-0.4227558253337998
0.9964287051590358,-0.6642721574262903,0.39825273943046946,1.7207927915316186,-0.21148081122461165,1.3439466910765303,0.3631069257854324
-1.0884625341038505,0.32315769217820484,-0.35944388779223346,-0.7920144510240879,-0.8282329873586036,-0.6747438090203783,-1.2243358314754167
0.6859129886730739,-0.4667861875053913,-0.35944388779223346,1.1865739289410353,0.19968730619804967,0.5304445492464328,0.6617347712107406
0.7746317648119202,-0.9275867839874891,-0.17001973098655776,-0.9898732890206002,1.844359775888695,0.5304445492464328,0.8189073214345871
-1.0884625341038505,1.3764161984229997,-0.5488680445979093,-0.4952261940293194,-0.7254409580029383,-1.6539593501121626,-0.20271425502041476
0.5971942125342278,-0.2693002175844923,-0.5488680445979093,-0.7920144510240879,0.4052713649093803,1.509660090338217,-0.5170593554681077
0.3842691498009968,-0.2693002175844923,-0.35944388779223346,-0.0005790990380386083,0.8164394823320417,-0.5391601187153621,1.2432732070389725
-0.6892280414790426,1.113101571861801,-0.17001973098655776,-0.2973673560328071,-0.7254409580029383,-0.14747390227864848,-1.0671632812515701
0.7302723767424971,-0.6642721574262903,-0.17001973098655776,0.6919268339497545,0.302479335553715,1.6603086351215683,-0.43847308035618443
0.5084754363953815,-0.6642721574262903,0.019404425819117985,1.1865739289410353,0.19968730619804967,0.19901775072305974,0.6931692812555099
-1.1062062893316198,1.2447588851424003,-0.17001973098655776,-0.5150120778289706,-1.1366090754255995,-1.066430025457092,-0.8471217109381852
0.49073168116761223,-0.07181424766359325,-0.17001973098655776,1.067858626143128,-0.10868878186894632,0.2894068775930706,0.5674312410764328
-0.7779468176178888,0.32315769217820484,-0.35944388779223346,0.09835031996021755,-1.239401104781265,-0.44877099184535124,-0.9099907310277238
0.5528348244648046,-0.6642721574262903,-0.35944388779223346,1.4833621859358037,-0.21148081122461165,0.6057688216381085,0.3473896707630478
0.5528348244648046,-0.6642721574262903,-0.35944388779223346,1.0876445099427792,-0.10868878186894632,-0.14747390227864848,1.13325242188228
-0.6892280414790426,1.2447588851424003,-0.35944388779223346,-0.33693912363210954,-1.0954922636833335,-0.524095264237027,-0.6742319056919541
0.7302723767424971,-0.4667861875053913,-0.35944388779223346,0.9491433233452206,-0.1703639994823455,0.6810930940297842,0.5831484960988175
-0.5117904892013501,1.2447588851424003,-0.35944388779223346,-0.39629677503106325,-0.622648928647273,-0.8253923538037298,-0.045541704796568314
0.7302723767424971,-0.4667861875053913,-0.35944388779223346,0.39513857695498605,0.19968730619804967,-0.22279817467032417,1.5261837974418961
0.49960355878149687,-0.07181424766359325,-0.35944388779223346,0.2566373903574274,0.6314138294918441,0.7865470753781302,0.0644790803601242
0.49960355878149687,-0.07181424766359325,-0.35944388779223346,1.404218650737199,-0.9104666108431358,0.771482220899795,0.08019633538250884
-1.1328219221732736,-0.6642721574262903,0.39825273943046946,-0.6930850320258317,-0.931025016714269,-1.0061706075437515,-0.9571424960948777
-0.06819660850711898,-0.6642721574262903,0.39825273943046946,0.09835031996021755,-0.10868878186894632,-0.10227933884364306,-0.014107194751799024
1.528741361992113,-0.6642721574262903,0.39825273943046946,0.8897856719462669,1.535983687821699,1.7055031985565738,0.9289281065912797
-0.6005092653401963,-0.6642721574262903,0.39825273943046946,-0.19843793703455093,-0.7254409580029383,-0.29812244706199986,-0.7528181808038773
1.085147481297882,-1.0592440972680883,0.39825273943046946,-0.4952261940293194,2.049943834600026,1.208363000771514,0.6617347712107406
1.3513038097144208,-1.2172328732048077,1.9136459938758754,1.3646468831378964,0.4463881766516465,1.102909019423168,1.2432732070389725
1.3513038097144208,-1.2172328732048077,1.9136459938758754,1.3646468831378964,0.4463881766516465,1.4192709634682061,0.913210851568895
1.3513038097144208,-1.2172328732048077,1.9136459938758754,0.23685150655777618,1.6182173113062313,1.102909019423168,1.2432732070389725
1.3513038097144208,-1.2172328732048077,3.4290392483212813,0.6919268339497545,1.3303996291103684,2.0519948515582818,0.2530861406287399
1.3513038097144208,-1.2172328732048077,3.4290392483212813,0.6919268339497545,1.3303996291103684,2.0519948515582818,0.2530861406287399
2.238491571102883,-1.2172328732048077,3.4290392483212813,1.3844327669375476,2.6666960107340176,2.187578541863298,1.6833563476657425
2.238491571102883,-1.2172328732048077,3.4290392483212813,2.3737269569201094,1.6387757171773643,2.187578541863298,1.6833563476657425
1.528741361992113,-1.2172328732048077,3.4290392483212813,1.2855033479392914,1.1248155703990377,1.9013463067749306,0.7246037913002793
2.0610540188251907,-1.2172328732048077,3.4290392483212813,1.3844327669375476,1.6387757171773643,2.1122542694716224,1.4475975223299729
1.3513038097144208,-1.2172328732048077,1.9136459938758754,0.23685150655777618,1.6182173113062313,1.4192709634682061,0.913210851568895
1.528741361992113,-1.2172328732048077,3.4290392483212813,0.07856443616056633,2.3788783285381547,1.208363000771514,1.4475975223299729
1.528741361992113,-1.2172328732048077,3.4290392483212813,1.2855033479392914,1.535983687821699,1.8712165978182602,0.7560383013450486
-1.0174875131927736,-0.6642721574262903,-0.35944388779223346,-0.4754403102296682,-0.9721418284565351,-1.0212354620220865,-0.7371009257814927
-0.20127477271538832,-0.6642721574262903,-0.35944388779223346,0.4544962283539397,-0.5404153051627407,-0.3583818649753404,0.017327315292970265
0.9077099290201895,-0.6642721574262903,-0.35944388779223346,1.5625057211344087,0.1791289003269166,0.45512027685475714,1.13325242188228
-1.0707187788760812,-0.6642721574262903,-0.35944388779223346,-1.2866615460153688,-0.37594805819367616,-0.7199383724553838,-1.1457495563634934
-0.16578726225984983,-0.6642721574262903,-0.35944388779223346,-0.6535132644265292,0.4052713649093803,0.1086286238530489,-0.4070385703114151
0.943197439475728,-0.6642721574262903,-0.35944388779223346,-0.1786520532348997,1.5154252819505658,1.087844164944833,0.5359967310316636
-1.008615635578889,-0.6642721574262903,-0.35944388779223346,-1.069016824219205,-0.7048825521318053,-0.3885115739320107,-1.381508381699263
-0.20127477271538832,-0.6642721574262903,-0.35944388779223346,-0.6930850320258317,-0.026455158384414056,0.42499056789808687,-0.7999699458710312
0.9077099290201895,-0.6642721574262903,-0.35944388779223346,0.23685150655777618,0.6930890471052432,1.5849843627298925,-0.045541704796568314
-1.691750211848005,2.1005314214662962,-0.5488680445979093,-1.5043062678115322,-1.4861019752348616,-1.3526622605454597,-1.5858326969902634
-0.041580975665465106,0.4153178114746244,-0.5488680445979093,-0.33693912363210954,-0.2731560288380109,-0.4638358463236864,0.41025869085258637
-1.3280032296787354,2.1005314214662962,-0.5488680445979093,-1.1283744756181588,-1.2805179165235312,-0.9459111896304109,-1.3657911266768785
-0.40532795783473463,0.32315769217820484,-0.5488680445979093,-0.43586854263036573,-0.6637657403895391,-0.02695506645196735,-0.6899491607143388
0.6326817229897662,-0.6642721574262903,-0.5488680445979093,0.038992668561263856,0.05577846510011821,0.9974550380748222,0.08019633538250884
-2.020009683561736,2.1005314214662962,-0.5488680445979093,-1.484520384011881,-1.8150364691729908,-1.7744781859388437,-1.7272879921917252
-1.9046752745812359,0.32315769217820484,-0.5488680445979093,-1.3460191974143223,-1.7122444398173255,-2.060710421027211,-1.2243358314754167
-0.14804350703208058,-0.6642721574262903,-0.5488680445979093,-0.9503015214212978,-0.00589675251328099,0.24421231415806516,-0.5170593554681077
-0.5206623668152347,1.6397308249841984,-0.35944388779223346,-0.8315862186233903,-0.2731560288380109,-0.29812244706199986,-0.6113628856024155
0.7036567439008432,-0.4009575308650916,-0.35944388779223346,-0.19843793703455093,0.7136474529763763,1.0275847470314925,0.1744998655168167
-1.1062062893316198,1.7055594816244983,-0.35944388779223346,-1.4449486164125787,-0.00589675251328099,-1.1116245888920975,-0.7999699458710312
-0.5029186115874655,0.32315769217820484,-0.35944388779223346,-1.14816035941781,0.6725306412341102,-0.6446141000637081,-0.2184315100427994
1.1028912365256511,-0.6642721574262903,-0.35944388779223346,-0.33693912363210954,2.584462387249485,0.5605742582031031,1.3690112472180496
-0.6892280414790426,1.3764161984229997,-0.35944388779223346,-0.7326567996251342,-0.4376232758070754,-0.5391601187153621,-0.6585146506695695
0.9165818066340742,-0.6642721574262903,-0.35944388779223346,0.23685150655777618,0.7753226705897756,0.75641736642146,0.8346245764569717
-0.7069717967068118,1.6397308249841984,-0.17001973098655776,-0.119294401835946,-0.9515834225854021,-0.6596789545420432,-0.5642111205352616
0.5971942125342278,-0.4009575308650916,-0.17001973098655776,1.0282868585438254,-0.00589675251328099,0.545509403724768,0.4888449659645096
0.3931410274148814,0.8497869453006023,-0.35944388779223346,-0.19843793703455093,0.302479335553715,0.4852499858114274,0.19021712053920134
-0.6448686534096194,1.2447588851424003,-0.35944388779223346,-0.9503015214212978,-0.3553896523225431,-0.5391601187153621,-0.5799283755576462
0.33990976173157367,-0.2693002175844923,-0.35944388779223346,-0.5150120778289706,0.4875049883939126,0.3044717320714057,0.28452065067350923
-0.9110249818261581,1.113101571861801,-0.35944388779223346,0.5929974149514984,-1.4038683517503294,-1.0814948799354271,-0.48562484542333834
0.18021596468165046,-0.07181424766359325,-0.35944388779223346,2.175868118923597,-0.9515834225854021,-0.3734467194536756,0.7088865362778947
0.6415536006036509,-0.6642721574262903,-0.35944388779223346,0.7908562529480107,1.0220235410433722,-0.8253923538037298,1.9977014481134354
-0.7690749400040042,1.3764161984229997,-0.35944388779223346,-0.7524426834247855,-0.25259762296687777,-1.1568191523271028,-0.15556248995326083
0.30442225127603517,0.5864723187394035,-0.35944388779223346,-0.119294401835946,0.9809067293011062,-0.22279817467032417,0.7717555563674332
-0.7690749400040042,1.3764161984229997,-0.35944388779223346,-0.712870915825483,-0.49929849342047455,-0.8856517717170703,-0.43847308035618443
0.4641160483259584,0.5864723187394035,-0.35944388779223346,0.3159950417563811,0.4052713649093803,0.334601441028076,0.47312771094212497
-1.2392844535398893,1.2447588851424003,-0.35944388779223346,-0.8513721024230416,-1.1777258871678657,-1.186948861283773,-0.9571424960948777
0.48185980355372765,-0.2034715609441926,-0.35944388779223346,0.5929974149514984,0.05577846510011821,0.27434202311473543,0.5674312410764328
-1.079590656489966,0.32315769217820484,-0.35944388779223346,-0.6139414968272268,-0.931025016714269,-1.1116245888920975,-0.7528181808038773
0.6415536006036509,-0.6642721574262903,-0.35944388779223346,1.3844327669375476,-0.00589675251328099,0.1839528962447246,0.9446453616136643
-0.9553843698955813,1.7055594816244983,-0.35944388779223346,-0.5941556130275756,-0.41706486993594233,-0.9760408985870812,-0.6742319056919541
0.5883223349203431,-0.532614844145691,-0.35944388779223346,0.29620915795672986,1.6387757171773643,0.01823949698303807,1.0232316367255876
-0.866665593756735,1.7055594816244983,-0.5488680445979093,-0.6930850320258317,-0.39650646406480927,-0.9007166261954055,-0.5956456305800308
0.6415536006036509,-0.532614844145691,-0.5488680445979093,0.21706562275812494,1.4126332525949006,0.5605742582031031,0.5517139860540482
-1.2304125759260045,1.2447588851424003,-0.35944388779223346,-1.563663919210486,-0.7459993638740714,-0.6898086634987135,-1.4600946568111863
0.472987925939843,-0.2693002175844923,-0.35944388779223346,-0.8513721024230416,1.2892828173681021,0.8769362022481411,-0.0769762148413376
-0.582765510112427,-0.6642721574262903,0.019404425819117985,0.3159950417563811,-1.0338170460699343,-0.4939655552803567,-0.5170593554681077
0.8278630304952279,-0.6642721574262903,0.019404425819117985,1.7801504429305723,-0.25259762296687777,0.6961579485081194,0.7403210463226639
-0.582765510112427,-0.6642721574262903,0.019404425819117985,-0.8118003348237391,-0.21148081122461165,-0.6446141000637081,-0.3598868052442612
0.8278630304952279,-0.6642721574262903,0.019404425819117985,-0.02036498283768984,1.0425819469145055,0.2894068775930706,1.1646869319270492
0.8633505409507665,-0.6642721574262903,0.20882858262479373,-0.39629677503106325,2.049943834600026,0.3044717320714057,1.2118386969942032
0.6415536006036509,0.05984306561700611,-0.35944388779223346,0.33578092555603234,-0.06757197012668019,1.0426496015098277,0.04876182533773955
0.029394045245611875,1.113101571861801,-0.35944388779223346,-0.6930850320258317,0.15857049445578353,0.3797960044630814,-0.34416955022187656
0.6415536006036509,-0.4667861875053913,-0.17001973098655776,0.988715090944523,1.227607599754703,-0.9760408985870812,2.154873998337282
-1.1328219221732736,-0.6642721574262903,0.39825273943046946,-1.2866615460153688,-0.21148081122461165,-1.0513651709787568,-0.9099907310277238
0.21570347513718896,-0.6642721574262903,0.39825273943046946,-0.43586854263036573,1.1453739762701707,0.04836920593970835,0.33167241574066314
1.528741361992113,-0.6642721574262903,0.39825273943046946,0.39513857695498605,2.461111952022687,1.1330387283798384,1.5261837974418961
0.37539727218711216,-0.2693002175844923,-0.35944388779223346,0.4149244607546373,0.5491802060073118,0.3044717320714057,0.3473896707630478
-1.0529750236483122,0.32315769217820484,-0.35944388779223346,-0.6337273806268781,-0.622648928647273,-0.8555220627604,-0.9728597511172623
0.41088478264265066,-0.4667861875053913,-0.35944388779223346,0.7117127177494057,0.13801208858465047,0.24421231415806516,0.47312771094212497
-0.8223062056873119,0.32315769217820484,-0.35944388779223346,-0.2775814722331559,-0.8487913932297367,-0.8103274993253946,-0.6113628856024155
0.5883223349203431,-0.4667861875053913,-0.35944388779223346,1.226145696540338,-0.14980559361121246,0.2592771686364003,0.7717555563674332
-1.0973344117177353,1.2447588851424003,-0.35944388779223346,0.07856443616056633,-1.5066603811059949,-1.292402842632119,-0.5956456305800308
0.7657598871980356,-0.532614844145691,-0.35944388779223346,2.9870893547092976,-1.0338170460699343,-0.3885115739320107,1.7619426227776658
-1.620775190936928,1.2447588851424003,-0.35944388779223346,-1.6823792220083933,-1.1366090754255995,-1.2773379881537839,-1.5386809319231096
0.9520693170896126,-0.6642721574262903,-0.35944388779223346,-0.0005790990380386083,0.7547642647186424,1.1330387283798384,0.5045622209868942
2.238491571102883,-0.6642721574262903,3.4290392483212813,1.5031480697354551,1.823801370017562,2.2026433963416334,1.667639092643358
2.238491571102883,-0.6642721574262903,3.4290392483212813,1.5031480697354551,1.823801370017562,2.2026433963416334,1.667639092643358
1.528741361992113,-1.2172328732048077,3.4290392483212813,1.404218650737199,0.7342058588475094,0.9221307656831464,1.746225367755281
1.528741361992113,-1.2172328732048077,-0.17001973098655776,1.9780092809270846,2.2555278933113563,0.5304445492464328,2.154873998337282
1.528741361992113,-1.2172328732048077,3.4290392483212813,0.39513857695498605,2.872280069445348,1.735632907513244,0.8974935965465103
1.528741361992113,-1.2172328732048077,3.4290392483212813,1.58229160493406,1.6387757171773643,1.4343358179465413,1.2118386969942032
-0.9553843698955813,-0.6642721574262903,-0.5488680445979093,-0.7920144510240879,-0.8282329873586036,-1.0212354620220865,-0.6270801406248001
-0.06819660850711898,-0.6642721574262903,-0.5488680445979093,-0.0005790990380386083,-0.00589675251328099,-0.2679927381053296,0.15878261049443207
0.9077099290201895,-0.6642721574262903,-0.5488680445979093,0.6325691825508009,1.227607599754703,0.9371956201614816,0.6303002611659714
-0.9553843698955813,-0.6642721574262903,-0.5488680445979093,-0.8909438700223441,-0.8282329873586036,-0.29812244706199986,-1.381508381699263
-0.06819660850711898,-0.6642721574262903,-0.5488680445979093,-0.2973673560328071,-0.21148081122461165,0.6057688216381085,-0.7528181808038773
0.9077099290201895,-0.6642721574262903,-0.5488680445979093,1.0876445099427792,0.610855423620711,0.6057688216381085,0.9760798716584336
-0.9553843698955813,-0.6642721574262903,-0.5488680445979093,-0.8315862186233903,-0.37594805819367616,-0.8253923538037298,-0.8314044559158005
-0.06819660850711898,-0.6642721574262903,-0.5488680445979093,-0.2380097046338534,0.6519722353629771,-0.07214962988697277,-0.045541704796568314
0.9077099290201895,-0.6642721574262903,-0.5488680445979093,-0.040150866637341076,2.091060646342292,0.6810930940297842,0.8974935965465103
-1.4433376386592356,2.1005314214662962,-0.5488680445979093,-0.8909438700223441,-1.6505692222039263,-0.6747438090203783,-1.8530260323708023
-0.6448686534096194,0.32315769217820484,-0.5488680445979093,-0.2973673560328071,-1.0338170460699343,-0.22279817467032417,-0.9099907310277238
0.5084754363953815,-0.6642721574262903,-0.5488680445979093,0.8897856719462669,0.19968730619804967,0.6057688216381085,0.2688033956511246
-1.549800170025851,2.1005314214662962,-0.5488680445979093,-0.9898732890206002,-1.6505692222039263,-1.0513651709787568,-1.648701717079802
-0.08594036373488823,0.4153178114746244,-0.5488680445979093,0.39513857695498605,-0.5198568992916076,-0.07214962988697277,-0.0769762148413376
-1.1328219221732736,2.1005314214662962,-0.5488680445979093,-0.8513721024230416,-0.8282329873586036,-0.7801977903687244,-1.1929013214306474
-0.24563416078481143,0.32315769217820484,-0.5488680445979093,0.5336397635525446,-0.21148081122461165,-0.629549245585373,0.22165163058397064
0.6415536006036509,-0.6642721574262903,-0.5488680445979093,0.19727973895847373,1.6387757171773643,0.6509633850731139,0.4574104559197403
-0.795690572845658,1.7055594816244983,-0.35944388779223346,-0.21822382083420216,-1.0543754519410673,-0.41864128288868097,-0.9728597511172623
0.44637229309818915,-0.4667861875053913,-0.35944388779223346,1.1667880451413841,-0.2320392170957447,0.334601441028076,0.44169320089735564
0.4286285378704199,-0.6642721574262903,-0.35944388779223346,-0.19843793703455093,0.5697386118784449,0.6961579485081194,0.03304457031535491
-1.0973344117177353,1.2447588851424003,-0.35944388779223346,-1.2866615460153688,-0.931025016714269,-0.4638358463236864,-1.4600946568111863
0.32216600650380445,-0.2693002175844923,-0.35944388779223346,-0.6930850320258317,0.5080633942650457,0.8920010567264762,-0.3598868052442612
-1.3102594744509661,1.2447588851424003,-0.5488680445979093,-0.8909438700223441,-1.4449851634925956,-0.9007166261954055,-1.381508381699263
0.5262191916231508,-0.07181424766359325,-0.5488680445979093,0.5929974149514984,-0.41706486993594233,1.0125198925531573,-0.12412797990849153
-2.2418066239088517,-0.4667861875053913,-0.5488680445979093,-2.177026316999674,-1.856153280915257,-1.9552564396788652,-1.9316123074827256
-1.0884625341038505,1.2447588851424003,-0.35944388779223346,-0.6930850320258317,-0.931025016714269,-1.1116245888920975,-0.7685354358262619
0.5971942125342278,-0.2693002175844923,-0.35944388779223346,1.2855033479392914,1.1248155703990377,-0.960976044108746,2.060570468202974
-0.3787123249930808,1.2447588851424003,-0.35944388779223346,0.39513857695498605,-0.8282329873586036,-0.3734467194536756,-0.28130053013233797
0.6415536006036509,-0.4667861875053913,-0.35944388779223346,1.4833621859358037,-0.00589675251328099,0.0031746425047029297,1.13325242188228
-1.407850128203697,1.3764161984229997,-0.5488680445979093,-1.14816035941781,-0.5815321169050068,-1.6238296411554922,-0.7999699458710312
0.2334472303649582,0.05984306561700611,-0.5488680445979093,0.23685150655777618,0.8575562940743078,-0.7952626448470594,1.2432732070389725
-1.5764158028675048,1.2447588851424003,-0.35944388779223346,-1.1877321270171126,-1.1366090754255995,-1.1266894433704326,-1.6172672070350327
0.4641160483259584,-0.2693002175844923,-0.35944388779223346,0.8897856719462669,0.610855423620711,0.22914745967973002,0.5831484960988175
-1.265900086381543,1.2447588851424003,-0.35944388779223346,-1.1877321270171126,-0.00589675251328099,-1.5033108053288111,-0.6742319056919541
-0.20127477271538832,-0.2693002175844923,-0.35944388779223346,-0.4952261940293194,1.0220235410433722,-0.750068081412054,0.425975945874971
-0.9553843698955813,0.32315769217820484,-0.35944388779223346,-1.30644742981502,-0.60209052277614,-0.3433170104970053,-1.3343566166321092
0.4641160483259584,-0.6642721574262903,-0.35944388779223346,-0.5150120778289706,0.6314138294918441,1.1631684373365088,-0.39132131528903047
-0.7779468176178888,0.5864723187394035,-0.5488680445979093,-0.4952261940293194,-0.931025016714269,-0.6747438090203783,-0.6742319056919541
0.6415536006036509,-0.335128874224792,-0.5488680445979093,1.0876445099427792,-0.5198568992916076,0.3797960044630814,0.7403210463226639
-1.9312909074228897,1.8372167949050977,-0.35944388779223346,-1.6230215706094397,-1.4861019752348616,-1.8498024583305193,-1.4915291668559556
-1.22154069831212,0.32315769217820484,-0.35944388779223346,-1.227303894616415,-1.0749338578122005,-1.0965597344137623,-1.0200115161844163
0.7302723767424971,-0.6642721574262903,-0.35944388779223346,1.3448609993382452,0.15857049445578353,0.4099257134197517,0.866059086501741
0.5084754363953815,-0.4667861875053913,-0.35944388779223346,-0.15886616943524848,1.0631403527856385,0.2894068775930706,0.5988657511212021
0.5528348244648046,-0.6642721574262903,-0.35944388779223346,-0.19843793703455093,1.227607599754703,-0.07214962988697277,1.0546661467703569
0.5528348244648046,-0.6642721574262903,-0.35944388779223346,1.1865739289410353,-0.8282329873586036,0.3797960044630814,0.5831484960988175
-1.7538533551451974,-0.07181424766359325,-0.35944388779223346,-1.484520384011881,-1.856153280915257,-1.2020137157621082,-1.8530260323708023
0.9077099290201895,-0.6642721574262903,-0.35944388779223346,2.2747975379218532,0.19968730619804967,0.15382318728805433,1.4475975223299729
-0.9553843698955813,0.5864723187394035,-0.5488680445979093,-0.2973673560328071,-0.5198568992916076,-1.1266894433704326,-0.5170593554681077
0.4641160483259584,-0.4667861875053913,-0.5488680445979093,0.6919268339497545,0.7136474529763763,-0.07214962988697277,0.8974935965465103
-0.1569153846459652,-0.4667861875053913,-0.5488680445979093,0.7908562529480107,0.4052713649093803,-1.8046078948955138,1.6047700725538194
0.943197439475728,-1.2172328732048077,3.4290392483212813,0.7908562529480107,1.0220235410433722,0.5153796947680976,1.13325242188228
1.2625850335755744,-1.2172328732048077,3.4290392483212813,0.7908562529480107,1.0220235410433722,1.0577144559881628,1.13325242188228
0.10924094377057349,-0.8617581273471894,-0.17001973098655776,0.19727973895847373,0.4052713649093803,-0.524095264237027,0.7403210463226639
0.4641160483259584,-0.6642721574262903,-0.35944388779223346,0.5929974149514984,0.610855423620711,0.6057688216381085,0.19021712053920134
0.5084754363953815,-0.335128874224792,-0.35944388779223346,1.245931580339989,0.7342058588475094,-0.14747390227864848,1.0546661467703569
0.06488155570115037,1.113101571861801,-0.738292201403585,0.21706562275812494,-0.5609737110338737,0.2894068775930706,-0.1869969999980301
0.4286285378704199,-0.6642721574262903,-0.35944388779223346,0.39513857695498605,0.302479335553715,0.3195365865497409,0.425975945874971
0.4197566602565353,-0.2034715609441926,-0.5488680445979093,0.4940679959532422,-0.00589675251328099,0.7865470753781302,-0.0769762148413376
0.5084754363953815,-0.335128874224792,-0.35944388779223346,-0.09950851803629476,1.7621261524041627,0.24421231415806516,0.646017516188356
0.7923755200396895,-0.9275867839874891,-0.17001973098655776,1.6020774887337113,0.7342058588475094,0.6358985305947789,0.7403210463226639
-1.1328219221732736,-0.6642721574262903,0.39825273943046946,-0.5941556130275756,-1.0338170460699343,-1.0513651709787568,-0.9099907310277238
-0.06819660850711898,-0.6642721574262903,0.39825273943046946,0.29620915795672986,-0.10868878186894632,-0.14747390227864848,0.03304457031535491
1.528741361992113,-0.6642721574262903,0.39825273943046946,1.6812210239323162,1.3303996291103684,1.208363000771514,1.4475975223299729
1.2625850335755744,-1.2172328732048077,-0.5488680445979093,0.988715090944523,0.610855423620711,1.8862814522965954,0.2688033956511246
1.2625850335755744,-1.2172328732048077,-0.5488680445979093,0.19727973895847373,2.152735863955691,1.4343358179465413,0.7403210463226639
1.2625850335755744,-1.2172328732048077,-0.5488680445979093,1.8790798619288285,0.8164394823320417,1.1330387283798384,1.0546661467703569
1.2625850335755744,-1.2172328732048077,-0.5488680445979093,0.7908562529480107,1.7415677465330297,0.6057688216381085,1.6047700725538194
-2.020009683561736,-0.6642721574262903,3.4290392483212813,-1.7813086410066494,-1.6505692222039263,-1.8046078948955138,-1.695853482146956
-0.24563416078481143,-0.6642721574262903,3.4290392483212813,0.19727973895847373,0.4052713649093803,-1.8046078948955138,1.4475975223299729
2.238491571102883,-0.6642721574262903,3.4290392483212813,1.8592939781291773,1.2687244114969691,1.9917354336449413,1.8876806629567429
2.238491571102883,-0.6642721574262903,3.4290392483212813,1.0282868585438254,2.132177458084558,1.9917354336449413,1.8876806629567429
1.2625850335755744,-0.6642721574262903,3.4290392483212813,-0.9898732890206002,2.4199951402804207,1.0275847470314925,1.1646869319270492
1.2625850335755744,-0.6642721574262903,3.4290392483212813,2.5320140273173193,-0.7048825521318053,0.8468064932914707,1.353293992195665
1.2625850335755744,-0.6642721574262903,3.4290392483212813,0.47428211215359095,0.6930890471052432,3.1667940829550822,-1.0671632812515701
1.2625850335755744,-0.6642721574262903,3.4290392483212813,0.19727973895847373,2.132177458084558,1.9616057246882712,0.19021712053920134
1.2625850335755744,-0.6642721574262903,3.4290392483212813,1.067858626143128,1.3920748467237676,0.8166767843348005,1.3847285022404343
1.2625850335755744,-0.6642721574262903,3.4290392483212813,3.204734076505461,-1.0338170460699343,2.021865142601612,0.12734810044966277
1.2625850335755744,-0.6642721574262903,3.4290392483212813,0.07856443616056633,0.19968730619804967,0.3948608589414166,1.8248116428672043
1.528741361992113,2.1005314214662962,3.4290392483212813,1.147002161341733,1.556542093692832,1.4795303813815466,1.1646869319270492
1.528741361992113,-1.2172328732048077,3.4290392483212813,1.1865739289410353,2.152735863955691,1.1330387283798384,1.5261837974418961
1.528741361992113,-1.2172328732048077,3.4290392483212813,1.0876445099427792,0.8164394823320417,1.8862814522965954,0.7403210463226639
-0.06819660850711898,-0.6642721574262903,3.4290392483212813,-0.19843793703455093,-0.00589675251328099,0.06343406041804349,-0.1869969999980301
0.9964287051590358,-0.6642721574262903,3.4290392483212813,-0.07972263423664354,1.227607599754703,1.6000492172082277,0.09591359040489349
1.2625850335755744,-0.8617581273471894,3.4290392483212813,3.798310590494998,0.2819209296825819,-0.2679927381053296,2.5163708638521287
1.2625850335755744,-0.8617581273471894,3.4290392483212813,0.5929974149514984,1.844359775888695,2.5641999038216765,-0.43847308035618443
1.528741361992113,-1.2172328732048077,3.4290392483212813,0.731498601549057,0.8575562940743078,2.1423839784282928,0.47312771094212497
-1.1328219221732736,-1.2172328732048077,3.4290392483212813,-0.39629677503106325,-1.0338170460699343,-0.9157814806737407,-1.0514460262291856
1.528741361992113,-1.2172328732048077,3.4290392483212813,2.690301097714529,0.09689527684238435,0.6358985305947789,2.0448532131805894
-1.0441031460344274,-0.6642721574262903,-0.35944388779223346,-0.6930850320258317,-1.239401104781265,-0.6747438090203783,-1.1457495563634934
-0.06819660850711898,-0.6642721574262903,-0.35944388779223346,0.09835031996021755,-0.5198568992916076,0.07849891489637863,-0.20271425502041476
0.9077099290201895,-0.6642721574262903,-0.35944388779223346,1.2855033479392914,-0.21148081122461165,0.8317416388131357,0.7403210463226639
-1.0441031460344274,-0.6642721574262903,-0.35944388779223346,-0.7722285672244367,-1.239401104781265,-0.524095264237027,-1.3029221065873398
-0.06819660850711898,-0.6642721574262903,-0.35944388779223346,-0.07972263423664354,-0.5198568992916076,0.3044717320714057,-0.43847308035618443
0.9077099290201895,-0.6642721574262903,-0.35944388779223346,0.810642136747662,-0.00589675251328099,1.2836872731631899,0.2688033956511246
-1.0441031460344274,-0.6642721574262903,-0.35944388779223346,-1.3855909650136249,-0.622648928647273,-0.524095264237027,-1.3029221065873398
-0.06819660850711898,-0.6642721574262903,-0.35944388779223346,-0.6930850320258317,0.19968730619804967,0.45512027685475714,-0.5956456305800308
0.9077099290201895,-0.6642721574262903,-0.35944388779223346,-0.0005790990380386083,1.0220235410433722,1.735632907513244,-0.20271425502041476
-1.3546188625203892,2.1005314214662962,-0.35944388779223346,-0.7920144510240879,-1.4449851634925956,-1.5033108053288111,-0.8314044559158005
0.28667849604826595,-0.07181424766359325,-0.35944388779223346,0.7908562529480107,-0.21148081122461165,-0.6747438090203783,1.2118386969942032
-1.620775190936928,2.1005314214662962,-0.5488680445979093,-1.3460191974143223,-1.4861019752348616,-1.171884006805438,-1.648701717079802
-0.5561498772707733,0.32315769217820484,-0.5488680445979093,-0.5545838454282731,-0.8693497991008697,-0.41864128288868097,-0.5484938655128769
0.5971942125342278,-0.6642721574262903,-0.5488680445979093,0.8304280205473131,-0.04701356425554712,-0.1173441933219782,1.180404186949434
-2.1974472358394284,2.1005314214662962,-0.5488680445979093,-2.177026316999674,-1.4449851634925956,-1.8799321672871896,-1.9316123074827256
-0.8223062056873119,0.32315769217820484,-0.5488680445979093,-0.6930850320258317,-0.00589675251328099,-1.5033108053288111,0.11163084542727814
0.6859129886730739,-0.6642721574262903,-0.5488680445979093,0.09835031996021755,1.227607599754703,0.0031746425047029297,1.2118386969942032
-1.620775190936928,2.1005314214662962,-0.5488680445979093,-1.8604521762052544,-0.8487913932297367,-1.3526622605454597,-1.4600946568111863
0.24231910797884282,0.4153178114746244,-0.5488680445979093,-0.6732991482261805,0.7958810764609086,0.3044717320714057,0.11163084542727814
-1.5764158028675048,1.2447588851424003,-0.35944388779223346,-0.9898732890206002,-0.8282329873586036,-1.8799321672871896,-0.8314044559158005
0.28667849604826595,-0.2693002175844923,-0.35944388779223346,-0.19843793703455093,1.227607599754703,-0.3734467194536756,0.8974935965465103
-1.3989782505898123,2.1005314214662962,-0.5488680445979093,-1.0888027080188565,-1.1366090754255995,-1.3074676971104542,-1.1143150463187241
0.5528348244648046,0.4153178114746244,-0.5488680445979093,0.5929974149514984,0.19968730619804967,0.19901775072305974,0.7717555563674332
-1.2747719639954276,2.1005314214662962,-0.35944388779223346,-0.712870915825483,-1.3216347282657972,-1.0363003165004216,-1.1771840664082627
0.5084754363953815,-0.2693002175844923,-0.35944388779223346,1.0876445099427792,-0.49929849342047455,0.334601441028076,0.5517139860540482
-1.3989782505898123,2.1005314214662962,-0.35944388779223346,-1.0888027080188565,-1.0338170460699343,-1.5635702232421516,-0.8471217109381852
0.5528348244648046,-0.6642721574262903,-0.35944388779223346,-0.0005790990380386083,0.19968730619804967,1.298752127641525,-0.37560406026664583
-1.665134579006351,2.1005314214662962,-0.5488680445979093,-1.1877321270171126,-1.0338170460699343,-1.5786350777204867,-1.3029221065873398
-0.1569153846459652,0.32315769217820484,-0.5488680445979093,-0.0005790990380386083,-0.21148081122461165,-0.6747438090203783,0.425975945874971
0.7302723767424971,-0.6642721574262903,-0.5488680445979093,0.988715090944523,0.610855423620711,-0.3734467194536756,1.6833563476657425
-1.4876970267286587,2.1005314214662962,-0.35944388779223346,-0.5941556130275756,-1.239401104781265,-1.7292836225038382,-0.8314044559158005
0.5084754363953815,-0.6642721574262903,-0.35944388779223346,0.7908562529480107,0.302479335553715,0.9070659112048113,-0.045541704796568314
0.5084754363953815,-0.6642721574262903,-0.35944388779223346,0.29620915795672986,0.8164394823320417,0.0031746425047029297,0.8974935965465103
-0.9997437579650044,2.1005314214662962,-0.35944388779223346,-0.3567250074317608,-1.1366090754255995,-1.1568191523271028,-0.5642111205352616
0.7302723767424971,0.32315769217820484,-0.35944388779223346,1.6218633725333624,-0.10868878186894632,0.42499056789808687,0.8503418314793564
0.4197566602565353,-0.6642721574262903,-0.35944388779223346,-0.19843793703455093,0.8164394823320417,0.6057688216381085,0.11163084542727814
-1.3102594744509661,2.1005314214662962,-0.35944388779223346,-0.9305156376216466,-1.4449851634925956,-0.6898086634987135,-1.6015499520126482
0.5528348244648046,-0.4667861875053913,-0.35944388779223346,0.652355066350452,-0.622648928647273,1.5699195082515576,-0.6585146506695695
-1.647390823778582,-0.2693002175844923,-0.17001973098655776,-1.5240921516111834,-1.0543754519410673,-1.2472082791971137,-1.6172672070350327
0.6592973558314201,-0.6642721574262903,-0.17001973098655776,0.3555668093556836,0.8986731058165739,1.087844164944833,0.03304457031535491
-1.0884625341038505,1.2447588851424003,-0.35944388779223346,-0.7920144510240879,-0.8282329873586036,-0.8253923538037298,-1.0671632812515701
0.8633505409507665,-0.2693002175844923,-0.35944388779223346,0.5929974149514984,0.8164394823320417,0.8317416388131357,0.6617347712107406
-1.0441031460344274,1.113101571861801,-0.17001973098655776,-0.43586854263036573,-0.8282329873586036,-0.9760408985870812,-0.8314044559158005
0.4641160483259584,-0.6642721574262903,-0.17001973098655776,1.147002161341733,0.19968730619804967,0.22914745967973002,0.5831484960988175
-1.0618469012621967,0.32315769217820484,-0.35944388779223346,-1.1877321270171126,-0.25259762296687777,-0.6898086634987135,-1.1614668113858782
0.7125286215147278,-0.4667861875053913,-0.35944388779223346,-0.39629677503106325,2.2144110815690903,0.8166767843348005,0.41025869085258637
-1.4433376386592356,1.8372167949050977,-0.35944388779223346,-1.484520384011881,-0.6432073345184061,-1.3526622605454597,-1.1457495563634934
-0.5117904892013501,0.32315769217820484,-0.35944388779223346,-0.8909438700223441,0.38471295903824726,-0.5994195366287026,-0.28130053013233797
0.7302723767424971,-0.6642721574262903,-0.35944388779223346,0.6919268339497545,2.0293854287288924,0.6057688216381085,0.6617347712107406
-1.4433376386592356,2.1005314214662962,-0.35944388779223346,-1.484520384011881,-0.931025016714269,-0.9760408985870812,-1.5386809319231096
-0.5117904892013501,0.32315769217820484,-0.35944388779223346,-0.8909438700223441,-0.21148081122461165,-0.14747390227864848,-0.7528181808038773
0.7302723767424971,-0.6642721574262903,-0.35944388779223346,0.6919268339497545,0.610855423620711,0.9070659112048113,0.3473896707630478
0.8189911528813433,-0.6642721574262903,-0.5488680445979093,0.810642136747662,0.014661653357852076,0.45512027685475714,0.9760798716584336
0.10924094377057349,-0.07181424766359325,-0.35944388779223346,1.1865739289410353,-0.622648928647273,-0.07214962988697277,0.2688033956511246
0.7302723767424971,-0.8617581273471894,-0.35944388779223346,-0.09950851803629476,2.769488040089683,0.8317416388131357,0.425975945874971
0.7036567439008432,-0.6642721574262903,-0.35944388779223346,1.58229160493406,0.19968730619804967,0.8016119298564653,0.41025869085258637
0.8189911528813433,-0.6642721574262903,-0.17001973098655776,0.19727973895847373,1.4331916584660336,0.75641736642146,0.6617347712107406
0.49073168116761223,-0.07181424766359325,-0.17001973098655776,1.7801504429305723,0.302479335553715,-0.5994195366287026,1.4947492873971269
-1.3989782505898123,1.3764161984229997,-0.35944388779223346,-1.3855909650136249,-0.60209052277614,-1.3677271150237948,-1.0514460262291856
0.5971942125342278,0.05984306561700611,-0.35944388779223346,-0.2973673560328071,1.864918181759828,0.2894068775930706,0.7560383013450486
0.37539727218711216,-0.6642721574262903,-0.17001973098655776,0.988715090944523,-0.21148081122461165,0.45512027685475714,0.19021712053920134
0.06488155570115037,-0.2693002175844923,-0.35944388779223346,0.9095715557459181,0.7342058588475094,-0.1173441933219782,0.23736888560635527
-2.1530878477700055,1.2447588851424003,-0.35944388779223346,-1.7813086410066494,-1.3421931341369302,-1.8799321672871896,-1.8530260323708023
0.4197566602565353,-0.2693002175844923,-0.35944388779223346,-0.4952261940293194,1.535983687821699,0.6057688216381085,0.11163084542727814
0.37539727218711216,-0.4667861875053913,-0.17001973098655776,2.175868118923597,-2.0617373396265877,0.0031746425047029297,0.6617347712107406
0.37539727218711216,-0.4667861875053913,-0.17001973098655776,0.7908562529480107,0.302479335553715,-0.29812244706199986,0.9760798716584336
0.4197566602565353,-0.8617581273471894,0.39825273943046946,-0.5941556130275756,1.227607599754703,0.75641736642146,-0.045541704796568314
0.07375343331503499,1.113101571861801,-0.738292201403585,0.05877855236091509,-0.25259762296687777,0.7112228029864545,-0.6113628856024155
-0.866665593756735,1.2447588851424003,-0.17001973098655776,-0.4160826588307145,-1.0543754519410673,-0.8253923538037298,-0.6742319056919541
0.6415536006036509,-0.07181424766359325,-0.17001973098655776,0.9689292071448717,0.1791289003269166,0.3797960044630814,0.7403210463226639
0.6859129886730739,-0.6642721574262903,0.20882858262479373,0.7908562529480107,0.19968730619804967,0.6057688216381085,0.5831484960988175
0.6859129886730739,-0.6642721574262903,0.20882858262479373,0.7908562529480107,0.610855423620711,0.45512027685475714,0.7403210463226639
0.6859129886730739,-0.6642721574262903,0.20882858262479373,0.7908562529480107,0.19968730619804967,0.3044717320714057,0.8974935965465103
0.6859129886730739,-0.6642721574262903,0.20882858262479373,0.7908562529480107,0.610855423620711,0.15382318728805433,1.0546661467703569
0.9520693170896126,-0.6642721574262903,0.019404425819117985,1.1865739289410353,0.610855423620711,1.2836872731631899,0.3473896707630478
-1.3989782505898123,-0.6642721574262903,0.39825273943046946,-1.1877321270171126,-1.4449851634925956,-0.4939655552803567,-1.9630468175274949
-0.1569153846459652,-0.6642721574262903,0.39825273943046946,-0.39629677503106325,-0.622648928647273,0.4099257134197517,-0.7056664157367234
1.528741361992113,-0.6642721574262903,0.39825273943046946,0.8897856719462669,0.7136474529763763,2.2177082508199684,0.39454143583020174
2.0610540188251907,-1.125072753908388,3.4290392483212813,1.6812210239323162,1.1248155703990377,1.856151743339925,1.7147908577105118
2.0610540188251907,-1.125072753908388,3.4290392483212813,1.6812210239323162,1.1248155703990377,1.856151743339925,1.7147908577105118
2.327210347241729,2.1005314214662962,3.4290392483212813,0.5929974149514984,2.049943834600026,2.187578541863298,1.840528897889589
-0.3787123249930808,-1.2172328732048077,3.4290392483212813,-0.0005790990380386083,-0.7665577697452044,0.0031746425047029297,-0.6742319056919541
1.085147481297882,-1.2172328732048077,3.4290392483212813,1.58229160493406,-0.3553896523225431,1.1330387283798384,0.7403210463226639
1.528741361992113,-1.2172328732048077,3.4290392483212813,1.4833621859358037,0.5080633942650457,1.208363000771514,1.4475975223299729
1.3513038097144208,-1.2172328732048077,3.4290392483212813,-0.0005790990380386083,0.19968730619804967,2.7901727209967038,-0.5170593554681077
1.3513038097144208,-1.2172328732048077,3.4290392483212813,-0.0005790990380386083,0.19968730619804967,0.982390183596487,1.3690112472180496
1.3513038097144208,-1.2172328732048077,3.4290392483212813,2.4726563759183655,0.7136474529763763,0.3797960044630814,1.9977014481134354
1.3513038097144208,-1.2172328732048077,3.4290392483212813,-0.4952261940293194,1.7415677465330297,1.8862814522965954,0.425975945874971
0.6415536006036509,-1.2172328732048077,3.4290392483212813,0.19727973895847373,0.4052713649093803,0.3797960044630814,0.7403210463226639
0.8633505409507665,0.5206436620991038,-0.35944388779223346,0.5336397635525446,0.8164394823320417,0.9070659112048113,0.5831484960988175
0.6415536006036509,0.25732903553790515,-0.35944388779223346,1.58229160493406,-0.5198568992916076,0.75641736642146,0.3473896707630478
1.085147481297882,-0.2693002175844923,-0.35944388779223346,1.8790798619288285,-0.314272840580277,0.3044717320714057,1.6047700725538194
0.9077099290201895,0.5206436620991038,-0.35944388779223346,0.5336397635525446,0.302479335553715,0.8317416388131357,0.7403210463226639
0.7302723767424971,0.5206436620991038,-0.35944388779223346,0.7908562529480107,-0.41706486993594233,1.1330387283798384,0.11163084542727814
0.7302723767424971,0.5206436620991038,-0.35944388779223346,1.1865739289410353,-0.21148081122461165,0.75641736642146,0.5045622209868942
1.3513038097144208,-1.2172328732048077,-0.35944388779223346,0.6919268339497545,1.535983687821699,2.127319123949958,0.1744998655168167
-1.0441031460344274,-0.6642721574262903,-0.35944388779223346,-0.6930850320258317,-1.0338170460699343,-0.6596789545420432,-1.1614668113858782
-0.1569153846459652,-0.6642721574262903,-0.35944388779223346,-0.13908028563559724,-0.3553896523225431,0.12369347833138405,-0.4070385703114151
0.9077099290201895,-0.6642721574262903,-0.35944388779223346,0.5929974149514984,0.22024571206918273,1.4945952358598817,0.04876182533773955
-1.0441031460344274,-0.6642721574262903,-0.35944388779223346,-0.9107297538219953,-0.7665577697452044,-1.066430025457092,-0.7371009257814927
-0.14804350703208058,-0.6642721574262903,-0.35944388779223346,-0.33693912363210954,0.15857049445578353,-0.31318730154033503,0.0644790803601242
0.9077099290201895,-0.6642721574262903,-0.35944388779223346,0.4940679959532422,0.919231511687707,0.545509403724768,1.0389488917479721
-1.0441031460344274,-0.6642721574262903,-0.35944388779223346,-0.7920144510240879,-0.931025016714269,-0.750068081412054,-1.0671632812515701
-0.1569153846459652,-0.6642721574262903,-0.35944388779223346,-0.0005790990380386083,-0.314272840580277,0.0031746425047029297,-0.28130053013233797
0.9077099290201895,-0.6642721574262903,-0.35944388779223346,0.988715090944523,0.4052713649093803,1.1330387283798384,0.425975945874971
-1.5409282924119663,2.1005314214662962,-0.5488680445979093,-1.2866615460153688,-1.239401104781265,-1.5033108053288111,-1.1614668113858782
0.54396294685092,0.05984306561700611,-0.5488680445979093,0.4940679959532422,-0.026455158384414056,0.1387583328097192,0.8189073214345871
-1.9312909074228897,2.1005314214662962,-0.5488680445979093,-1.2668756622157176,-1.4655435693637286,-1.8799321672871896,-1.4600946568111863
-0.21014665032927293,0.32315769217820484,-0.5488680445979093,0.4149244607546373,-0.04701356425554712,-0.7350032269337189,0.39454143583020174
-1.9312909074228897,1.2447588851424003,-0.35944388779223346,-1.2668756622157176,-1.9383869043997892,-1.5485053687638164,-1.8058742673036485
0.1979597199094197,-0.8617581273471894,-0.35944388779223346,0.5929974149514984,-0.6843241462606722,0.47018513133309225,-0.13984523493087617
-1.665134579006351,1.2447588851424003,-0.5488680445979093,-1.5834498030101372,-1.5477771928482609,-0.9760408985870812,-1.9316123074827256
-0.6892280414790426,-0.2034715609441926,-0.5488680445979093,-0.6930850320258317,-1.0338170460699343,-0.07214962988697277,-1.1457495563634934
0.5528348244648046,-0.6642721574262903,-0.5488680445979093,0.6919268339497545,-0.21148081122461165,1.1330387283798384,-0.20271425502041476
-1.0884625341038505,0.7181296320200029,-0.738292201403585,-1.0888027080188565,-1.1366090754255995,-0.750068081412054,-1.1457495563634934
0.37539727218711216,-0.2693002175844923,-0.738292201403585,-0.09950851803629476,-0.00589675251328099,0.545509403724768,0.09591359040489349
-1.0263593908066582,1.2447588851424003,-0.35944388779223346,-0.4952261940293194,-1.1366090754255995,-0.9760408985870812,-0.7999699458710312
0.4375004154843045,-0.07181424766359325,-0.35944388779223346,0.8897856719462669,-0.21148081122461165,0.15382318728805433,0.6145830061435867
-1.4876970267286587,2.1005314214662962,-0.35944388779223346,-1.3855909650136249,-0.6432073345184061,-1.38279196950213,-1.1929013214306474
-0.653740531023504,0.32315769217820484,-0.35944388779223346,-0.7326567996251342,0.3230377414248481,-0.7651329358903892,-0.3598868052442612
0.7302723767424971,-0.6642721574262903,-0.35944388779223346,0.1774938551588225,1.9265933993732272,0.27434202311473543,1.0075143817032028
-0.09481224134877284,1.2447588851424003,-0.5488680445979093,-0.05993675043699231,-0.9104666108431358,0.27434202311473543,-0.45419033537856907
-1.3102594744509661,2.1005314214662962,-0.35944388779223346,-0.39629677503106325,-1.4449851634925956,-1.5033108053288111,-0.7528181808038773
-0.6448686534096194,0.32315769217820484,-0.35944388779223346,0.19727973895847373,-0.8282329873586036,-1.2773379881537839,0.19021712053920134
0.6415536006036509,-0.6642721574262903,-0.35944388779223346,1.58229160493406,-0.10868878186894632,-0.524095264237027,1.6833563476657425
-1.5320564147980817,-0.07181424766359325,0.20882858262479373,-1.1877321270171126,-1.0338170460699343,-1.2020137157621082,-1.4600946568111863
0.8633505409507665,-0.9275867839874891,0.20882858262479373,0.19727973895847373,1.3303996291103684,0.6810930940297842,0.8189073214345871
0.8633505409507665,-0.9275867839874891,0.20882858262479373,1.0876445099427792,0.4052713649093803,0.8317416388131357,0.6617347712107406
-1.3812344953620432,1.2447588851424003,-0.35944388779223346,-1.5438780354108348,-0.9515834225854021,-1.2020137157621082,-1.1929013214306474
0.5971942125342278,-0.5984435007859906,-0.35944388779223346,0.09835031996021755,0.93978991755884,-0.04201992093030249,1.1018179118375107
-1.3102594744509661,1.113101571861801,-0.35944388779223346,-1.484520384011881,-0.931025016714269,-0.750068081412054,-1.5386809319231096
0.5528348244648046,-0.07181424766359325,-0.35944388779223346,-0.39629677503106325,0.5080633942650457,1.2836872731631899,-0.3598868052442612
-0.7779468176178888,0.7181296320200029,-0.35944388779223346,-0.2380097046338534,-1.0132586401988013,-0.6898086634987135,-0.6585146506695695
0.6859129886730739,-0.2693002175844923,-0.35944388779223346,1.1865739289410353,-0.21148081122461165,0.75641736642146,0.425975945874971
-1.22154069831212,1.2447588851424003,-0.35944388779223346,-0.9898732890206002,-1.3421931341369302,-0.524095264237027,-1.6172672070350327
0.5084754363953815,-0.07181424766359325,-0.35944388779223346,0.19727973895847373,0.2408041179403158,1.0577144559881628,-0.20271425502041476
-1.3546188625203892,1.2447588851424003,-0.35944388779223346,-1.0888027080188565,-1.239401104781265,-0.6747438090203783,-1.695853482146956
0.4641160483259584,-0.6642721574262903,-0.35944388779223346,0.6919268339497545,0.19968730619804967,1.0577144559881628,-0.28130053013233797
-0.8223062056873119,1.2447588851424003,-0.35944388779223346,-1.484520384011881,0.19968730619804967,-0.8253923538037298,-0.5956456305800308
0.7746317648119202,-0.07181424766359325,-0.35944388779223346,-0.2973673560328071,1.227607599754703,0.5304445492464328,0.8189073214345871
0.1979597199094197,0.32315769217820484,0.20882858262479373,1.2855033479392914,-1.0338170460699343,-0.07214962988697277,0.425975945874971
-1.0973344117177353,1.2447588851424003,-0.35944388779223346,-0.9503015214212978,-0.7871161756163375,-0.6144843911070378,-1.3029221065873398
0.5173473140092661,-0.2693002175844923,-0.35944388779223346,0.4544962283539397,0.6725306412341102,1.1481035828581736,-0.28130053013233797
-1.3989782505898123,1.2447588851424003,-0.35944388779223346,-0.7920144510240879,-1.0543754519410673,-1.5635702232421516,-0.8471217109381852
0.37539727218711216,-0.6642721574262903,-0.35944388779223346,-0.2973673560328071,1.535983687821699,-0.07214962988697277,0.7403210463226639
-1.5320564147980817,0.32315769217820484,-0.35944388779223346,-1.6823792220083933,-1.1366090754255995,-0.750068081412054,-1.9316123074827256
0.472987925939843,-0.4667861875053913,-0.35944388779223346,-0.5941556130275756,0.42582977078051343,0.771482220899795,0.03304457031535491
-1.1594375550149276,1.2447588851424003,-0.35944388779223346,-1.1877321270171126,-0.8487913932297367,-1.1568191523271028,-0.8471217109381852
-0.4230717130625039,-0.07181424766359325,-0.35944388779223346,-0.7920144510240879,-0.2731560288380109,-0.5542249731936972,-0.17127974497564546
0.6947848662869586,-0.6642721574262903,-0.35944388779223346,0.038992668561263856,0.7136474529763763,0.36473114998474626,0.8503418314793564
-1.620775190936928,2.1005314214662962,-0.35944388779223346,-1.3855909650136249,-1.6505692222039263,-0.44877099184535124,-2.403129958154265
-0.02383722043769586,-0.5984435007859906,-0.35944388779223346,-0.0005790990380386083,-0.41706486993594233,0.8317416388131357,-0.9099907310277238
0.5084754363953815,-0.9275867839874891,0.20882858262479373,0.7512844853487082,0.09689527684238435,0.45512027685475714,0.425975945874971
-0.9997437579650044,1.3764161984229997,0.39825273943046946,-1.2866615460153688,-1.1366090754255995,-0.750068081412054,-0.9885770061396469
0.2600628632066121,-0.6642721574262903,0.39825273943046946,-0.15886616943524848,-0.5198568992916076,0.12369347833138405,0.33167241574066314
-1.1328219221732736,1.2447588851424003,-0.35944388779223346,-0.33693912363210954,-1.3421931341369302,-1.0212354620220865,-0.941425241072493
0.6415536006036509,-0.2693002175844923,-0.35944388779223346,1.1667880451413841,-0.39650646406480927,0.7262876574647896,0.3788241808078171
0.6504254782175355,1.2447588851424003,0.019404425819117985,0.19727973895847373,0.19968730619804967,1.298752127641525,-0.20271425502041476
0.4641160483259584,-0.9275867839874891,0.20882858262479373,1.58229160493406,-0.5198568992916076,-0.07214962988697277,0.8974935965465103
-0.6892280414790426,-0.335128874224792,0.019404425819117985,-1.4449486164125787,0.5080633942650457,-0.22279817467032417,-0.9885770061396469
0.8633505409507665,-0.9275867839874891,0.019404425819117985,-0.09950851803629476,1.4537500643371668,0.8468064932914707,0.646017516188356
-1.22154069831212,0.32315769217820484,-0.35944388779223346,-0.5743697292279244,-1.1366090754255995,-1.3526622605454597,-0.7528181808038773
0.5350910692370354,-0.4667861875053913,-0.35944388779223346,1.0085009747441742,0.13801208858465047,0.06343406041804349,0.8817763415241257
0.6415536006036509,0.05984306561700611,-0.35944388779223346,0.7710703691483595,-0.026455158384414056,0.982390183596487,0.11163084542727814
-0.8311780833011966,0.7181296320200029,-0.17001973098655776,-0.7326567996251342,-1.4449851634925956,-1.1116245888920975,-0.31273504017710724
0.8278630304952279,-0.5984435007859906,-0.17001973098655776,0.5534256473521959,-0.8282329873586036,0.24421231415806516,1.2118386969942032
0.44637229309818915,0.05984306561700611,-0.35944388779223346,0.4940679959532422,0.05577846510011821,0.5304445492464328,0.23736888560635527
0.9077099290201895,-0.9275867839874891,0.39825273943046946,1.2855033479392914,-0.21148081122461165,-0.22279817467032417,1.840528897889589
0.4197566602565353,0.05984306561700611,0.20882858262479373,-0.7920144510240879,1.535983687821699,0.5605742582031031,0.15878261049443207
0.9520693170896126,-0.6642721574262903,-0.35944388779223346,0.8897856719462669,-0.00589675251328099,0.6057688216381085,1.0546661467703569
0.020522167631727255,-0.07181424766359325,-0.35944388779223346,-0.2973673560328071,0.09689527684238435,-1.1266894433704326,1.2118386969942032
0.8189911528813433,-0.6642721574262903,-0.35944388779223346,0.19727973895847373,0.8164394823320417,0.6810930940297842,0.7403210463226639
0.8189911528813433,-0.6642721574262903,-0.35944388779223346,0.5929974149514984,0.4052713649093803,0.3797960044630814,1.0546661467703569
1.085147481297882,-0.9275867839874891,-0.35944388779223346,2.076938699925341,0.09689527684238435,0.45512027685475714,1.4475975223299729
1.2625850335755744,-0.8617581273471894,0.777101053041821,2.2154398865228995,-0.7048825521318053,0.8468064932914707,1.353293992195665
1.2625850335755744,-0.5984435007859906,0.777101053041821,0.2764232741570786,0.8164394823320417,0.3948608589414166,1.8248116428672043
1.2625850335755744,-0.5984435007859906,0.777101053041821,1.5031480697354551,0.7753226705897756,0.6961579485081194,1.5104665424195114
1.2625850335755744,-0.8617581273471894,0.777101053041821,-0.7920144510240879,2.6666960107340176,1.6603086351215683,0.5045622209868942
1.2625850335755744,-0.8617581273471894,0.777101053041821,1.2657174641396403,1.0220235410433722,1.298752127641525,0.8817763415241257
1.2625850335755744,-0.8617581273471894,0.777101053041821,0.5534256473521959,1.3509580349815014,1.3288818365981951,0.8503418314793564
1.2625850335755744,-0.8617581273471894,0.777101053041821,1.6218633725333624,0.03522005922898514,1.1330387283798384,1.0546661467703569
1.2625850335755744,-0.5984435007859906,0.777101053041821,0.8699997881466156,0.8986731058165739,1.8862814522965954,0.2688033956511246
1.2625850335755744,-0.5984435007859906,0.777101053041821,1.9384375133277822,-0.45818168167820844,0.3797960044630814,1.840528897889589
1.2625850335755744,-0.8617581273471894,0.777101053041821,0.3159950417563811,1.2687244114969691,1.4343358179465413,0.7403210463226639
1.2625850335755744,-0.8617581273471894,0.777101053041821,-0.39629677503106325,2.2555278933113563,1.5849843627298925,0.5831484960988175
1.2625850335755744,-0.8617581273471894,0.777101053041821,1.8592939781291773,0.2819209296825819,0.9221307656831464,1.2747077170837418
-0.9553843698955813,-0.6642721574262903,0.39825273943046946,-0.5941556130275756,-1.239401104781265,-0.750068081412054,-0.9099907310277238
-0.041580975665465106,-0.9275867839874891,0.39825273943046946,0.21706562275812494,-0.622648928647273,-0.1926684657136539,0.12734810044966277
1.528741361992113,-1.125072753908388,0.39825273943046946,1.7207927915316186,0.42582977078051343,1.3891412545115358,1.2589904620613572
-1.1328219221732736,-0.6642721574262903,0.777101053041821,-0.9898732890206002,0.09689527684238435,-1.5033108053288111,-0.43847308035618443
1.085147481297882,-0.6642721574262903,0.777101053041821,0.09835031996021755,1.7210093406618965,0.9371956201614816,0.9446453616136643
1.2625850335755744,-1.177735679220628,0.777101053041821,0.6919268339497545,1.844359775888695,0.5304445492464328,1.6833563476657425
1.2625850335755744,-1.177735679220628,0.777101053041821,0.988715090944523,0.302479335553715,1.9616057246882712,0.19021712053920134
1.2625850335755744,-1.177735679220628,0.777101053041821,1.6812210239323162,-0.10868878186894632,-0.07214962988697277,2.312046548561128
1.2625850335755744,-1.177735679220628,0.777101053041821,0.19727973895847373,2.3583199226670217,1.509660090338217,0.6617347712107406
1.440022585853267,-1.125072753908388,0.777101053041821,1.1865739289410353,0.3230377414248481,1.4795303813815466,1.0075143817032028
1.440022585853267,-1.125072753908388,0.777101053041821,1.3844327669375476,0.8164394823320417,2.277967668733309,0.1744998655168167
2.149772794964037,-1.2172328732048077,0.777101053041821,1.9780092809270846,0.919231511687707,2.1122542694716224,1.6047700725538194
2.149772794964037,-1.2172328732048077,0.777101053041821,0.6919268339497545,2.2555278933113563,2.1122542694716224,1.6047700725538194
1.440022585853267,-1.1909014105486877,0.777101053041821,0.47428211215359095,1.3920748467237676,1.5397897992948872,0.9446453616136643
1.440022585853267,-1.1909014105486877,0.777101053041821,1.3448609993382452,0.7753226705897756,1.3439466910765303,1.1489696769046647
0.5084754363953815,-0.6642721574262903,-0.35944388779223346,0.7908562529480107,0.7136474529763763,0.0031746425047029297,0.8974935965465103
-1.0618469012621967,0.32315769217820484,0.777101053041821,-1.1877321270171126,-0.25259762296687777,-0.6898086634987135,-1.1614668113858782
0.7125286215147278,-0.4667861875053913,0.777101053041821,0.3159950417563811,1.2481660056258361,0.545509403724768,0.6931692812555099
1.1295068693673052,-1.2172328732048077,0.777101053041821,1.839508094329526,0.07633687097125127,0.771482220899795,1.1961214419718187
1.1295068693673052,-1.2172328732048077,0.777101053041821,-0.1786520532348997,1.6387757171773643,1.4494006724248765,0.4888449659645096
1.1295068693673052,-1.2172328732048077,0.777101053041821,0.4544962283539397,1.1248155703990377,0.6810930940297842,1.2904249721061265
1.085147481297882,-1.1909014105486877,0.777101053041821,1.067858626143128,0.3230377414248481,1.1330387283798384,0.7403210463226639
1.528741361992113,-1.125072753908388,0.019404425819117985,1.6812210239323162,1.0220235410433722,1.509660090338217,1.13325242188228
0.9964287051590358,-1.125072753908388,-0.35944388779223346,0.7908562529480107,1.227607599754703,0.440055422376422,1.306142227128511
1.440022585853267,-1.125072753908388,0.777101053041821,1.7010069077319674,0.3641545531671142,0.8468064932914707,1.667639092643358
1.440022585853267,-1.125072753908388,0.777101053041821,0.2764232741570786,1.7621261524041627,1.0577144559881628,1.4475975223299729
1.440022585853267,-1.125072753908388,0.777101053041821,0.988715090944523,0.7342058588475094,1.4644655269032114,1.0232316367255876
1.440022585853267,-1.125072753908388,0.777101053041821,0.4347103445542885,1.844359775888695,1.1631684373365088,1.3375767371732803
0.1979597199094197,2.1005314214662962,-0.9277163582092607,-0.0005790990380386083,0.19968730619804967,-0.3734467194536756,0.7403210463226639
1.528741361992113,-1.2172328732048077,-0.35944388779223346,1.9384375133277822,0.7342058588475094,0.7413525119431248,1.9348324280238969
