hp,attack,defense,sp_attack,sp_defense,speed
-0.9461392067024389,-0.9581410242859807,-0.8030462187667665,-0.17140033315227912,-0.1955152427771038,-0.7729566721597938
-0.382612039155759,-0.5214306036049239,-0.32478461929371805,0.33460583470799216,0.3678368669863843,-0.25036712752865053
0.3687575175731477,0.1504315820582404,0.3584462370963512,1.009280725188354,1.1189730133377018,0.44641893197954047
-1.1715500737211109,-0.8573616964365061,-1.0080154756837874,-0.34006905577236957,-0.7588673525405919,-0.07617061265160277
-0.4577489948286496,-0.4542443850386075,-0.4955923333912354,0.33460583470799216,-0.1955152427771038,0.44641893197954047
0.29362056190025704,0.21761780062455682,0.18763852299883388,1.3128844259045167,0.5556209035742137,1.1432049914877314
-0.9837076845388842,-0.9917341335691389,-0.25646153365471114,-0.6774065010125504,-0.2330720500946697,-0.8426352781106129
-0.42018051699220427,-0.48783749432176565,0.2559616086378408,-0.17140033315227912,0.3678368669863843,-0.32004573347946963
0.3311890397367024,0.1840246913413986,0.9391924650279101,0.5032745573280826,1.3067570499255312,0.3767403260287214
-0.9461392067024389,-1.5964101006659868,-1.281307818239815,-1.6894188367330931,-1.885571572067568,-0.7729566721597938
-0.7582968175202123,-1.932341193497569,-0.5980769618497458,-1.5207501141130026,-1.6977875354797387,-1.295546216790937
-0.382612039155759,-1.0925134614186136,-0.7688846759472631,0.671943279948173,0.3678368669863843,0.09802590222544498
-1.1339815958846655,-1.4284445542501958,-1.4521155323373323,-1.6894188367330931,-1.885571572067568,-0.598760157282746
-0.9461392067024389,-1.7643756470817777,-0.7688846759472631,-1.5207501141130026,-1.6977875354797387,-1.1213497019138892
-0.1947696499735323,0.4191764563235061,-1.1105001041422977,-0.8460752236326409,0.3678368669863843,0.27222241710249273
-1.1339815958846655,-1.0925134614186136,-1.1105001041422977,-1.1834126688728217,-1.32221946230408,-0.3897243394302887
-0.26990660564642294,-0.5886168221712403,-0.5980769618497458,-0.6774065010125504,-0.7588673525405919,0.13286520520085454
0.48146295108248366,0.08324536349192396,0.08515389454032349,-0.0027316105321886944,-0.0077312061892744425,1.178044294463141
-1.509666374249119,-0.7229892593038731,-1.281307818239815,-1.5207501141130026,-1.32221946230408,0.1677045081762641
-0.5704544283379857,0.11683847277508218,-0.42726924775222846,-0.6774065010125504,-0.0077312061892744425,1.0386870825615029
-1.1339815958846655,-0.5886168221712403,-1.4521155323373323,-1.3183476469688942,-1.4724466915743435,0.09802590222544498
-0.1947696499735323,0.4191764563235061,-0.25646153365471114,-0.30633531124835145,-0.3457424720473673,1.1432049914877314
-1.3218239850668922,-0.5886168221712403,-0.9738539328642838,-1.0147439462527312,-0.6086401232703285,-0.42456364240569827
-0.382612039155759,0.5871420027392972,-0.11981536237669728,-0.17140033315227912,0.3302800596688184,0.44641893197954047
-1.3218239850668922,-0.7565823685870314,-1.1105001041422977,-0.6774065010125504,-0.7588673525405919,0.794811961733636
-0.382612039155759,0.4191764563235061,-0.5980769618497458,0.671943279948173,0.3678368669863843,1.491598021241827
-0.7582968175202123,-0.08472018292386711,0.4267693227353581,-1.6894188367330931,-1.5100034988919093,-0.9471531870368415
0.18091512839092103,0.7551075491550883,1.2808078932229447,-0.8460752236326409,-0.5710833159527625,-0.07617061265160277
-0.5704544283379857,-1.025327242852297,-0.7005615903082562,-1.0147439462527312,-1.1344354257162506,-0.912313884061432
-0.006927260791305636,-0.5214306036049239,-0.1881384480157042,-0.50873777839246,-0.5710833159527625,-0.3897243394302887
0.744442295937601,0.48636267488982254,0.495092408374365,0.16593711208790174,0.5556209035742137,0.3070617200779023
-0.9085707288659937,-0.689396150020715,-1.1105001041422977,-1.0147439462527312,-1.1344354257162506,-0.598760157282746
-0.34504356131931363,-0.18549951077334176,-0.5297538762107389,-0.50873777839246,-0.5710833159527625,-0.07617061265160277
0.406325995409593,0.8222937677214047,0.15347698017933042,0.5032745573280826,0.18005283039855494,0.6206154468565882
-0.006927260791305636,-1.0925134614186136,-0.83720776158627,-0.34006905577236957,-0.1955152427771038,-1.1213497019138892
0.9322846851198276,-0.25268572933965816,0.016830808901316566,0.8406120025682635,0.7434049401620431,-0.25036712752865053
-1.2091185515575562,-1.2268858985512463,-1.1105001041422977,-0.6774065010125504,-0.1955152427771038,-0.07617061265160277
0.10577817271803036,-0.05112707364070889,0.08515389454032349,0.3683395792320103,1.1189730133377018,1.1432049914877314
1.6836542418487344,-1.0925134614186136,-1.793730960532367,-0.8460752236326409,-1.6977875354797387,-1.6439392465450324
2.622866187759868,-0.25268572933965816,-0.9396923900447803,0.5032745573280826,-0.7588673525405919,-0.7729566721597938
-1.1339815958846655,-1.0925134614186136,-1.281307818239815,-1.3520813914929122,-1.1344354257162506,-0.42456364240569827
0.18091512839092103,0.08324536349192396,-0.08565381955719382,-0.17140033315227912,0.18005283039855494,0.794811961733636
-0.9461392067024389,-0.9245479150028225,-0.5980769618497458,0.16593711208790174,-0.1955152427771038,-1.295546216790937
-0.382612039155759,-0.42065127575544925,-0.08565381955719382,0.5032745573280826,0.18005283039855494,-0.9471531870368415
0.18091512839092103,0.08324536349192396,0.4267693227353581,1.3466181704285347,0.7434049401620431,-0.598760157282746
-1.3218239850668922,-0.25268572933965816,-0.5980769618497458,-0.8460752236326409,-0.5710833159527625,-1.4697427316679847
-0.382612039155759,0.5871420027392972,0.2559616086378408,-0.34006905577236957,0.3678368669863843,-1.295546216790937
-0.382612039155759,-0.7565823685870314,-0.7688846759472631,-1.0147439462527312,-0.5710833159527625,-0.7729566721597938
-0.006927260791305636,-0.42065127575544925,-0.42726924775222846,0.671943279948173,0.18005283039855494,0.794811961733636
-2.2610359309780255,-0.7565823685870314,-1.6229232464348495,-1.1834126688728217,-0.9466513891284213,0.9690084766106837
-1.3218239850668922,0.7551075491550883,-0.7688846759472631,-0.6774065010125504,-0.0077312061892744425,1.8399910509959225
-1.1339815958846655,-1.0925134614186136,-1.281307818239815,-1.0147439462527312,-1.1344354257162506,0.794811961733636
-0.1947696499735323,-0.25268572933965816,-0.42726924775222846,-0.17140033315227912,-0.1955152427771038,1.6657945361188746
-0.7582968175202123,-0.8573616964365061,-0.83720776158627,-0.17140033315227912,-0.7588673525405919,-0.42456364240569827
0.3687575175731477,0.1504315820582404,0.18763852299883388,0.8406120025682635,0.3678368669863843,0.6206154468565882
-1.1339815958846655,0.08324536349192396,-1.281307818239815,-1.1834126688728217,-0.9466513891284213,0.09802590222544498
-0.1947696499735323,0.9230730955708794,-0.42726924775222846,-0.34006905577236957,-0.0077312061892744425,0.9690084766106837
-0.5704544283379857,-0.25268572933965816,-0.9396923900447803,-0.0027316105321886944,-0.7588673525405919,-0.25036712752865053
0.744442295937601,1.0910386419866704,0.2559616086378408,1.009280725188354,0.3678368669863843,0.9690084766106837
-1.1339815958846655,-0.9245479150028225,-1.1105001041422977,-1.0147439462527312,-1.1344354257162506,0.794811961733636
-0.1947696499735323,-0.42065127575544925,-0.25646153365471114,-0.6774065010125504,-0.7588673525405919,0.794811961733636
0.744442295937601,0.5871420027392972,0.7683847509303927,-0.0027316105321886944,0.7434049401620431,0.09802590222544498
-1.6975087634313455,-1.932341193497569,-1.9645386746298843,1.1779494478084442,-0.5710833159527625,0.794811961733636
-1.1339815958846655,-1.4284445542501958,-1.4521155323373323,1.6839556156687157,-0.0077312061892744425,1.3174015063647793
-0.5704544283379857,-0.9245479150028225,-0.9396923900447803,2.189961783528987,0.9311889767498724,1.8399910509959225
-0.006927260791305636,0.08324536349192396,-0.7688846759472631,-1.1834126688728217,-1.32221946230408,-1.1213497019138892
0.3687575175731477,0.7551075491550883,-0.08565381955719382,-0.6774065010125504,-0.3832992793649332,-0.7729566721597938
0.744442295937601,1.7629008276498346,0.2559616086378408,-0.17140033315227912,0.5556209035742137,-0.42456364240569827
-0.7582968175202123,-0.08472018292386711,-1.281307818239815,-0.0027316105321886944,-1.5100034988919093,-0.9471531870368415
-0.1947696499735323,0.4191764563235061,-0.7688846759472631,0.5032745573280826,-0.9466513891284213,-0.42456364240569827
0.3687575175731477,0.9230730955708794,-0.25646153365471114,1.009280725188354,-0.0077312061892744425,0.09802590222544498
-1.1339815958846655,-1.2604790078344046,-1.281307818239815,-0.6774065010125504,1.1189730133377018,0.09802590222544498
0.3687575175731477,-0.25268572933965816,-0.25646153365471114,0.33460583470799216,1.8701091596890191,1.1432049914877314
-1.1339815958846655,0.08324536349192396,0.9391924650279101,-1.3520813914929122,-1.5100034988919093,-1.6439392465450324
-0.5704544283379857,0.5871420027392972,1.451615607320462,-0.8460752236326409,-0.9466513891284213,-1.1213497019138892
0.3687575175731477,1.4269697348182526,1.9640387496130138,-0.50873777839246,-0.1955152427771038,-0.7729566721597938
-0.7582968175202123,0.25121090990771505,-0.5980769618497458,-0.17140033315227912,-0.1955152427771038,0.794811961733636
-0.1947696499735323,0.7551075491550883,-0.08565381955719382,0.33460583470799216,0.3678368669863843,1.3174015063647793
0.744442295937601,-0.42065127575544925,-0.25646153365471114,-1.0147439462527312,-1.1344354257162506,-1.8181357614220803
0.9322846851198276,-0.08472018292386711,1.2808078932229447,1.009280725188354,0.3678368669863843,-1.295546216790937
-1.6975087634313455,-1.4284445542501958,-0.08565381955719382,0.8406120025682635,-0.5710833159527625,-0.7729566721597938
-0.7582968175202123,-0.5886168221712403,0.7683847509303927,1.6839556156687157,-0.0077312061892744425,0.09802590222544498
-0.6831598618473216,0.4191764563235061,-0.5980769618497458,-0.40753654482040574,-0.3081856647298014,-0.25036712752865053
-1.3218239850668922,0.25121090990771505,-0.9396923900447803,-1.1834126688728217,-1.32221946230408,0.27222241710249273
-0.382612039155759,1.0910386419866704,-0.08565381955719382,-0.34006905577236957,-0.3832992793649332,1.491598021241827
-0.1947696499735323,-1.0925134614186136,-0.5980769618497458,-0.8460752236326409,-0.0077312061892744425,-0.7729566721597938
0.744442295937601,-0.25268572933965816,0.2559616086378408,-0.0027316105321886944,0.9311889767498724,0.09802590222544498
0.3687575175731477,0.08324536349192396,-0.7688846759472631,-1.0147439462527312,-0.7588673525405919,-1.4697427316679847
1.307969463484281,0.9230730955708794,0.08515389454032349,-0.17140033315227912,1.1189730133377018,-0.598760157282746
-1.509666374249119,-0.42065127575544925,0.9391924650279101,-0.8460752236326409,-1.6977875354797387,-0.9471531870368415
-0.7582968175202123,0.5871420027392972,3.672115890588187,0.5032745573280826,-0.9466513891284213,0.09802590222544498
-1.509666374249119,-1.4284445542501958,-1.4521155323373323,1.009280725188354,-1.32221946230408,0.44641893197954047
-0.9461392067024389,-0.9245479150028225,-0.9396923900447803,1.5152868930486252,-0.5710833159527625,0.9690084766106837
-0.382612039155759,-0.42065127575544925,-0.42726924775222846,2.0212930609088966,0.18005283039855494,1.491598021241827
-1.3218239850668922,-1.0925134614186136,2.988885034198118,-1.3520813914929122,-0.9466513891284213,0.09802590222544498
-0.382612039155759,-0.9917341335691389,-0.9396923900447803,-0.913542712680677,0.7434049401620431,-0.8774745810860224
0.5565999067553743,-0.15190640149018353,-0.08565381955719382,0.09846962303986556,1.68232512310119,-0.00649200670078367
-1.509666374249119,0.9230730955708794,0.5975770368328754,-1.5207501141130026,-1.6977875354797387,-0.598760157282746
-0.5704544283379857,1.7629008276498346,1.451615607320462,-0.6774065010125504,-0.7588673525405919,0.27222241710249273
-1.1339815958846655,-1.5964101006659868,-0.7688846759472631,-0.50873777839246,-0.5710833159527625,1.1432049914877314
-0.382612039155759,-0.9245479150028225,-0.08565381955719382,0.33460583470799216,0.3678368669863843,2.885170140258209
-0.382612039155759,-1.2604790078344046,0.2559616086378408,-0.34006905577236957,-0.9466513891284213,-0.9471531870368415
0.9322846851198276,0.5871420027392972,0.4267693227353581,1.8526243382888061,0.18005283039855494,-0.42456364240569827
-0.7582968175202123,-0.9245479150028225,0.7683847509303927,-1.0147439462527312,-0.7588673525405919,-1.1213497019138892
-0.382612039155759,0.08324536349192396,1.2808078932229447,-0.6774065010125504,0.3678368669863843,-0.7729566721597938
-0.7582968175202123,1.4269697348182526,-0.6664000474887527,-1.1834126688728217,1.4945410865133606,0.6902940528074073
-0.7582968175202123,0.9230730955708794,0.22180006581833733,-1.1834126688728217,1.4945410865133606,0.3070617200779023
0.744442295937601,-0.7565823685870314,0.08515389454032349,-0.34006905577236957,0.18005283039855494,-1.295546216790937
-1.1339815958846655,-0.42065127575544925,0.7683847509303927,-0.34006905577236957,-0.9466513891284213,-1.1213497019138892
-0.1947696499735323,0.4191764563235061,1.6224233214179793,0.5032745573280826,-0.0077312061892744425,-0.25036712752865053
0.3687575175731477,0.25121090990771505,0.7683847509303927,-1.3520813914929122,-1.5100034988919093,-1.4697427316679847
1.307969463484281,1.7629008276498346,1.6224233214179793,-0.8460752236326409,-0.9466513891284213,-0.9471531870368415
6.755398749768855,-2.436237832744942,-2.306154102824919,-1.1834126688728217,1.3067570499255312,-0.598760157282746
-0.1947696499735323,-0.7565823685870314,1.451615607320462,1.009280725188354,-1.1344354257162506,-0.25036712752865053
1.307969463484281,0.5871420027392972,0.2559616086378408,-1.0147439462527312,0.3678368669863843,0.794811961733636
-1.509666374249119,-1.2604790078344046,-0.08565381955719382,-0.0027316105321886944,-1.6977875354797387,-0.25036712752865053
-0.5704544283379857,-0.42065127575544925,0.7683847509303927,0.8406120025682635,-0.9466513891284213,0.6206154468565882
-0.9461392067024389,-0.35346505718913285,-0.42726924775222846,-1.1834126688728217,-0.7588673525405919,-0.14584921860242187
0.3687575175731477,0.48636267488982254,-0.25646153365471114,-0.17140033315227912,0.3678368669863843,0.02834729627462588
-1.509666374249119,-1.0925134614186136,-0.5980769618497458,-0.0027316105321886944,-0.5710833159527625,0.6206154468565882
-0.382612039155759,-0.08472018292386711,0.4267693227353581,1.009280725188354,0.5556209035742137,1.6657945361188746
-1.1339815958846655,-1.0925134614186136,-0.25646153365471114,1.009280725188354,1.8701091596890191,0.794811961733636
-0.006927260791305636,1.0910386419866704,0.2559616086378408,-0.50873777839246,0.3678368669863843,1.3174015063647793
-0.1947696499735323,-0.9245479150028225,-1.281307818239815,1.5152868930486252,0.9311889767498724,0.9690084766106837
-0.1947696499735323,0.1840246913413986,-0.5297538762107389,0.8406120025682635,0.5556209035742137,1.3174015063647793
-0.1947696499735323,0.5871420027392972,-0.5297538762107389,1.009280725188354,0.5556209035742137,0.8993298706598646
-0.1947696499735323,1.5949352812340436,0.9391924650279101,-0.50873777839246,-0.0077312061892744425,0.6206154468565882
0.18091512839092103,0.7551075491550883,0.7683847509303927,-1.0147439462527312,-0.0077312061892744425,1.491598021241827
-1.8853511526135722,-2.268272286329151,-0.5980769618497458,-1.8580875593531834,-1.885571572067568,0.44641893197954047
0.9322846851198276,1.5949352812340436,0.22180006581833733,-0.34006905577236957,1.1189730133377018,0.48125823495495
2.2471814093954143,0.25121090990771505,0.2559616086378408,0.5032745573280826,0.9311889767498724,-0.25036712752865053
-0.833433773193103,-0.9917341335691389,-0.83720776158627,-0.7448739900605866,-0.8339809671757237,-0.6684387632335651
-0.5704544283379857,-0.7565823685870314,-0.7688846759472631,-0.8460752236326409,-0.1955152427771038,-0.42456364240569827
2.2471814093954143,-0.42065127575544925,-0.42726924775222846,1.3466181704285347,0.9311889767498724,-0.07617061265160277
-0.1947696499735323,-0.42065127575544925,-0.42726924775222846,1.3466181704285347,0.9311889767498724,2.188384080750018
-0.1947696499735323,1.7629008276498346,-0.42726924775222846,0.8406120025682635,1.4945410865133606,-0.07617061265160277
-0.1947696499735323,-0.5886168221712403,-0.08565381955719382,0.5032745573280826,0.18005283039855494,-0.9471531870368415
-1.3218239850668922,-1.2604790078344046,0.9391924650279101,0.671943279948173,-0.5710833159527625,-1.1213497019138892
-0.006927260791305636,-0.5886168221712403,1.7932310355154966,1.5152868930486252,-0.0077312061892744425,-0.42456364240569827
-1.509666374249119,0.08324536349192396,0.5975770368328754,-0.50873777839246,-0.9466513891284213,-0.42456364240569827
-0.382612039155759,1.2590041884024614,1.1100001791254273,-0.17140033315227912,-0.0077312061892744425,0.44641893197954047
0.3687575175731477,0.9230730955708794,-0.25646153365471114,-0.34006905577236957,0.18005283039855494,2.188384080750018
3.3742357444887743,1.0910386419866704,-0.25646153365471114,-0.17140033315227912,1.4945410865133606,-1.295546216790937
0.744442295937601,0.25121090990771505,0.9391924650279101,0.8406120025682635,2.0578931962768485,0.6206154468565882
0.744442295937601,0.4191764563235061,0.4267693227353581,1.8526243382888061,0.7434049401620431,1.1432049914877314
0.744442295937601,0.7551075491550883,0.5975770368328754,1.8526243382888061,0.5556209035742137,0.794811961733636
-1.0964131180482202,-0.4542443850386075,-0.9396923900447803,-0.6774065010125504,-0.7588673525405919,-0.598760157282746
-0.34504356131931363,0.21761780062455682,-0.25646153365471114,-0.0027316105321886944,-0.0077312061892744425,0.09802590222544498
0.7820107737740464,1.8972732647824675,0.7683847509303927,1.009280725188354,1.1189730133377018,0.44641893197954047
1.3455379413207262,1.0910386419866704,0.5975770368328754,2.8309029294853305,0.7434049401620431,2.188384080750018
1.1201270743020544,0.7551075491550883,0.9391924650279101,1.009280725188354,1.1189730133377018,1.1432049914877314
-0.9461392067024389,-0.9581410242859807,-0.25646153365471114,-0.7111402455365685,-0.1955152427771038,-0.7729566721597938
-0.382612039155759,-0.5214306036049239,0.2559616086378408,-0.2388678222003153,0.3678368669863843,-0.25036712752865053
0.3687575175731477,0.1504315820582404,0.9391924650279101,0.43580706828004645,1.1189730133377018,0.44641893197954047
-1.1715500737211109,-0.8573616964365061,-1.0080154756837874,-0.34006905577236957,-0.7588673525405919,-0.07617061265160277
-0.4577489948286496,-0.4542443850386075,-0.4955923333912354,0.33460583470799216,-0.1955152427771038,0.44641893197954047
0.29362056190025704,0.21761780062455682,0.18763852299883388,1.3128844259045167,0.5556209035742137,1.1432049914877314
-0.7582968175202123,-0.42065127575544925,-0.2906230764742146,-0.879808968156659,-0.8339809671757237,-0.8426352781106129
-0.1947696499735323,0.08324536349192396,0.2559616086378408,-0.3738028002963876,-0.2706288574122356,-0.32004573347946963
0.5565999067553743,0.9230730955708794,0.9391924650279101,0.3008720901839741,0.4805072889390819,0.3767403260287214
-1.3218239850668922,-1.0589203521354553,-1.3154693610593184,-1.1834126688728217,-0.9466513891284213,-1.6439392465450324
0.5565999067553743,-0.05112707364070889,-0.2906230764742146,-0.8460752236326409,-0.5710833159527625,0.794811961733636
-0.382612039155759,-1.5964101006659868,-1.4521155323373323,-1.1496789243488037,-0.5335265086351967,-0.598760157282746
1.1201270743020544,-0.9245479150028225,-0.7688846759472631,0.5370083018521007,0.9687457840674383,0.09802590222544498
-1.1339815958846655,-1.932341193497569,-1.4521155323373323,-1.0147439462527312,0.3678368669863843,-0.42456364240569827
-0.5704544283379857,-1.4284445542501958,-0.7688846759472631,-0.50873777839246,1.4945410865133606,0.6206154468565882
-1.1339815958846655,-0.5886168221712403,-1.1105001041422977,-1.0147439462527312,-1.1344354257162506,-1.295546216790937
-0.006927260791305636,0.4191764563235061,-0.08565381955719382,-0.34006905577236957,-0.0077312061892744425,-0.9471531870368415
0.5565999067553743,0.4191764563235061,0.2559616086378408,-0.0027316105321886944,0.3678368669863843,2.188384080750018
0.18091512839092103,-1.327665226400721,-1.1788231897813046,-0.4750040338684419,-0.5335265086351967,-0.00649200670078367
2.0593390202131876,-0.6558030407375568,-0.4955923333912354,0.19967085661191983,0.2176096377161208,-0.00649200670078367
-1.8853511526135722,-1.2604790078344046,-1.9645386746298843,-1.1834126688728217,-1.32221946230408,-0.25036712752865053
-0.7582968175202123,-1.7643756470817777,-1.5204386179763392,-0.8460752236326409,-0.5710833159527625,-1.8181357614220803
0.744442295937601,-1.5964101006659868,-1.9645386746298843,-1.0147439462527312,-1.885571572067568,-1.8181357614220803
-1.3218239850668922,-1.932341193497569,-0.25646153365471114,-1.0147439462527312,-0.1955152427771038,-1.6439392465450324
-0.5704544283379857,-1.2604790078344046,0.4267693227353581,0.33460583470799216,1.3067570499255312,-0.9471531870368415
-1.1339815958846655,-0.9245479150028225,-0.9396923900447803,-0.0027316105321886944,-0.9466513891284213,0.09802590222544498
-0.1947696499735323,-0.08472018292386711,-0.08565381955719382,0.8406120025682635,-0.0077312061892744425,0.9690084766106837
-0.5704544283379857,-1.2604790078344046,-1.1105001041422977,-0.17140033315227912,-0.9466513891284213,-1.1213497019138892
-0.006927260791305636,-0.7565823685870314,-0.5980769618497458,0.33460583470799216,-0.3832992793649332,-0.7729566721597938
0.744442295937601,-0.08472018292386711,0.4267693227353581,1.5152868930486252,0.7434049401620431,-0.42456364240569827
0.18091512839092103,0.08324536349192396,0.7683847509303927,0.671943279948173,1.1189730133377018,-0.598760157282746
-0.006927260791305636,-1.932341193497569,-0.7688846759472631,-1.6894188367330931,-0.7588673525405919,-0.9471531870368415
1.1201270743020544,-0.9245479150028225,0.2559616086378408,-0.34006905577236957,0.3678368669863843,-0.598760157282746
-0.006927260791305636,0.7551075491550883,1.451615607320462,-1.3520813914929122,-0.1955152427771038,-1.295546216790937
0.744442295937601,-0.08472018292386711,0.08515389454032349,0.671943279948173,1.1189730133377018,0.09802590222544498
-1.3218239850668922,-1.4284445542501958,-1.1105001041422977,-1.1834126688728217,-0.5710833159527625,-0.598760157282746
-0.5704544283379857,-1.0925134614186136,-0.7688846759472631,-0.8460752236326409,-0.1955152427771038,0.44641893197954047
0.18091512839092103,-0.7565823685870314,-0.08565381955719382,-0.50873777839246,0.9311889767498724,1.491598021241827
-0.5704544283379857,-0.25268572933965816,-0.5980769618497458,-1.0147439462527312,-0.5710833159527625,0.6206154468565882
-1.509666374249119,-1.5964101006659868,-1.4521155323373323,-1.3520813914929122,-1.5100034988919093,-1.295546216790937
0.18091512839092103,-0.08472018292386711,-0.5980769618497458,1.1779494478084442,0.5556209035742137,-1.295546216790937
-0.1947696499735323,-0.42065127575544925,-0.9396923900447803,0.16593711208790174,-0.9466513891284213,0.9690084766106837
-0.5704544283379857,-1.0925134614186136,-0.9396923900447803,-1.5207501141130026,-1.6977875354797387,-1.8181357614220803
0.9322846851198276,0.25121090990771505,0.4267693227353581,-0.17140033315227912,-0.1955152427771038,-1.1213497019138892
-0.1947696499735323,-0.42065127575544925,-0.42726924775222846,2.0212930609088966,0.9311889767498724,1.491598021241827
0.9322846851198276,-0.42065127575544925,1.2808078932229447,-0.34006905577236957,2.245677232864678,-0.07617061265160277
-0.382612039155759,0.25121090990771505,-1.0421770185032908,0.5032745573280826,-1.059321811081119,0.8296512647090455
0.9322846851198276,-0.08472018292386711,0.2559616086378408,1.009280725188354,1.4945410865133606,-1.295546216790937
-0.382612039155759,-0.5886168221712403,-0.42726924775222846,0.5032745573280826,0.5556209035742137,0.6206154468565882
-0.833433773193103,-0.18549951077334176,-0.83720776158627,0.06473587851584747,-0.8339809671757237,-0.6684387632335651
4.501290079582135,-1.4956307728165121,-0.4955923333912354,-1.250880157920858,-0.4584128940000649,-1.1910283078647084
-0.006927260791305636,0.08324536349192396,-0.25646153365471114,0.671943279948173,-0.1955152427771038,0.6206154468565882
-0.7582968175202123,-0.42065127575544925,0.5975770368328754,-1.1834126688728217,-1.32221946230408,-1.8181357614220803
0.18091512839092103,0.4191764563235061,2.3056541778080484,-0.34006905577236957,-0.3832992793649332,-0.9471531870368415
1.1201270743020544,-0.25268572933965816,-0.08565381955719382,-0.17140033315227912,-0.1955152427771038,-0.7729566721597938
-0.1947696499735323,-0.08472018292386711,1.1100001791254273,-1.1834126688728217,-0.1955152427771038,0.6206154468565882
0.18091512839092103,0.25121090990771505,4.355346746978256,-0.50873777839246,-0.1955152427771038,-1.295546216790937
-0.382612039155759,0.08324536349192396,-0.7688846759472631,-1.0147439462527312,-1.1344354257162506,-1.295546216790937
0.744442295937601,1.4269697348182526,0.08515389454032349,-0.34006905577236957,-0.3832992793649332,-0.7729566721597938
-0.1947696499735323,0.5871420027392972,0.4267693227353581,-0.50873777839246,-0.5710833159527625,0.6206154468565882
-0.006927260791305636,1.7629008276498346,0.9391924650279101,-0.50873777839246,0.3678368669863843,-0.07617061265160277
-1.8853511526135722,-2.268272286329151,5.38019303156336,-2.026756281973274,6.001357964621266,-2.1665287911761757
0.3687575175731477,1.5949352812340436,0.08515389454032349,-1.0147439462527312,0.9311889767498724,0.6206154468565882
-0.5704544283379857,0.5871420027392972,-0.5980769618497458,-1.1834126688728217,0.18005283039855494,1.6657945361188746
-0.382612039155759,0.08324536349192396,-0.7688846759472631,-0.6774065010125504,-0.7588673525405919,-0.9471531870368415
0.744442295937601,1.7629008276498346,0.08515389454032349,0.16593711208790174,0.18005283039855494,-0.42456364240569827
-1.1339815958846655,-1.2604790078344046,-1.1105001041422977,-0.0027316105321886944,-1.1344354257162506,-1.6439392465450324
-0.382612039155759,-0.9245479150028225,1.6224233214179793,0.671943279948173,0.3678368669863843,-1.295546216790937
-0.7582968175202123,-0.9245479150028225,-1.1105001041422977,-1.3520813914929122,-1.5100034988919093,-0.598760157282746
1.1201270743020544,0.7551075491550883,0.2559616086378408,-0.34006905577236957,-0.3832992793649332,-0.598760157282746
-0.1947696499735323,-0.7565823685870314,0.7683847509303927,-0.17140033315227912,0.9311889767498724,-1.1213497019138892
-1.3218239850668922,-0.42065127575544925,-1.281307818239815,-0.17140033315227912,-1.32221946230408,-0.07617061265160277
0.18091512839092103,0.9230730955708794,0.08515389454032349,1.1779494478084442,0.18005283039855494,-0.7729566721597938
-0.9461392067024389,-0.7565823685870314,-0.9396923900447803,-0.17140033315227912,-0.9466513891284213,0.27222241710249273
0.5565999067553743,-1.2604790078344046,-0.08565381955719382,0.33460583470799216,2.6212453060403367,0.09802590222544498
-0.1947696499735323,0.08324536349192396,2.3056541778080484,-1.0147439462527312,-0.0077312061892744425,0.09802590222544498
-0.9461392067024389,-0.5886168221712403,-1.4521155323373323,0.33460583470799216,-0.7588673525405919,-0.07617061265160277
0.18091512839092103,0.4191764563235061,-0.7688846759472631,1.3466181704285347,0.3678368669863843,0.9690084766106837
0.18091512839092103,0.5871420027392972,0.7683847509303927,0.8406120025682635,0.9311889767498724,0.6206154468565882
0.744442295937601,-0.5886168221712403,-0.42726924775222846,-1.0147439462527312,-1.1344354257162506,-0.9471531870368415
0.744442295937601,1.4269697348182526,1.6224233214179793,-0.34006905577236957,-0.3832992793649332,-0.598760157282746
0.5565999067553743,0.08324536349192396,0.5975770368328754,1.1779494478084442,0.9311889767498724,-0.25036712752865053
0.10577817271803036,0.5871420027392972,-0.3589461621132215,0.5032745573280826,-0.1955152427771038,0.6206154468565882
-0.5704544283379857,-1.932341193497569,-1.281307818239815,-1.6894188367330931,-0.9466513891284213,0.27222241710249273
-1.3218239850668922,-1.4284445542501958,-1.281307818239815,-1.1834126688728217,-1.32221946230408,-1.1213497019138892
-0.7582968175202123,0.5871420027392972,0.7683847509303927,-1.1834126688728217,1.4945410865133606,0.09802590222544498
-0.9461392067024389,-1.5964101006659868,-1.9645386746298843,0.5032745573280826,-0.1955152427771038,-0.07617061265160277
-0.9461392067024389,-0.48783749432176565,-1.212984732600808,-0.17140033315227912,-0.5710833159527625,0.9690084766106837
-0.9461392067024389,-0.08472018292386711,-1.212984732600808,-0.0027316105321886944,-0.5710833159527625,0.5509368409057691
0.9322846851198276,0.08324536349192396,1.1100001791254273,-1.0147439462527312,-0.0077312061892744425,1.1432049914877314
6.943241138951081,-2.268272286329151,-2.1353463887274016,0.16593711208790174,2.4334612694525073,-0.42456364240569827
0.744442295937601,0.25121090990771505,0.08515389454032349,1.5152868930486252,1.1189730133377018,1.6657945361188746
1.6836542418487344,1.2590041884024614,0.4267693227353581,0.671943279948173,0.18005283039855494,1.1432049914877314
1.1201270743020544,-0.08472018292386711,1.451615607320462,0.671943279948173,1.68232512310119,0.6206154468565882
-0.7582968175202123,-0.4542443850386075,-0.7688846759472631,-0.8460752236326409,-0.7588673525405919,-0.912313884061432
-0.006927260791305636,0.21761780062455682,-0.08565381955719382,-0.17140033315227912,-0.0077312061892744425,-0.5639208543073365
1.1201270743020544,1.8972732647824675,1.2808078932229447,0.8406120025682635,1.1189730133377018,-0.21552782455324096
1.3455379413207262,0.4191764563235061,1.9640387496130138,0.671943279948173,3.1470406084862588,1.491598021241827
1.3455379413207262,1.7629008276498346,0.5975770368328754,1.3466181704285347,3.1470406084862588,0.794811961733636
1.1201270743020544,0.7551075491550883,0.9391924650279101,1.009280725188354,1.1189730133377018,1.1432049914877314
-1.1339815958846655,-1.0925134614186136,-1.281307818239815,-0.17140033315227912,-0.5710833159527625,0.09802590222544498
-0.7582968175202123,-0.42065127575544925,-0.9396923900447803,0.5032745573280826,-0.1955152427771038,0.9690084766106837
-0.006927260791305636,0.25121090990771505,-0.25646153365471114,1.1779494478084442,0.5556209035742137,1.8399910509959225
-0.9461392067024389,-0.5886168221712403,-1.1105001041422977,-0.0027316105321886944,-0.7588673525405919,-0.7729566721597938
-0.382612039155759,0.25121090990771505,-0.42726924775222846,0.5032745573280826,-0.3832992793649332,-0.42456364240569827
0.3687575175731477,1.4269697348182526,-0.08565381955719382,1.3466181704285347,-0.0077312061892744425,0.44641893197954047
-0.7582968175202123,-0.25268572933965816,-0.7688846759472631,-0.6774065010125504,-0.7588673525405919,-0.9471531870368415
-0.006927260791305636,0.25121090990771505,-0.08565381955719382,-0.34006905577236957,-0.0077312061892744425,-0.598760157282746
1.1201270743020544,1.0910386419866704,0.5975770368328754,0.5032745573280826,0.7434049401620431,-0.25036712752865053
-1.3218239850668922,-0.7565823685870314,-1.281307818239815,-1.3520813914929122,-1.5100034988919093,-1.1213497019138892
-0.006927260791305636,0.4191764563235061,-0.08565381955719382,-0.34006905577236957,-0.3832992793649332,0.09802590222544498
-1.2091185515575562,-1.5964101006659868,-1.0763385613227943,-1.3520813914929122,-1.0968786183986847,-0.25036712752865053
0.29362056190025704,-0.25268572933965816,-0.39310770493272496,-0.6774065010125504,-0.3457424720473673,1.1432049914877314
-0.9461392067024389,-1.0925134614186136,-1.281307818239815,-1.6894188367330931,-1.5100034988919093,-1.6439392465450324
-0.7582968175202123,-1.4284445542501958,-0.5980769618497458,-1.5207501141130026,-1.6977875354797387,-1.8181357614220803
-0.382612039155759,-0.25268572933965816,-0.7688846759472631,1.009280725188354,-0.7588673525405919,-0.07617061265160277
-0.7582968175202123,-1.4284445542501958,-0.5980769618497458,-1.5207501141130026,-1.6977875354797387,-1.8181357614220803
-0.382612039155759,-0.9245479150028225,-0.08565381955719382,-0.6774065010125504,0.7434049401620431,-0.07617061265160277
-1.1339815958846655,-1.5964101006659868,-1.4521155323373323,-1.0147439462527312,-0.7588673525405919,-1.295546216790937
-0.382612039155759,-0.9245479150028225,-0.7688846759472631,-0.34006905577236957,-0.0077312061892744425,-0.598760157282746
0.3687575175731477,-0.25268572933965816,-0.08565381955719382,0.671943279948173,1.1189730133377018,0.09802590222544498
-1.1339815958846655,-1.2604790078344046,-0.7688846759472631,-1.3520813914929122,-1.5100034988919093,-1.295546216790937
-0.006927260791305636,-0.25268572933965816,-1.1105001041422977,-0.34006905577236957,-1.1344354257162506,-0.25036712752865053
0.744442295937601,0.7551075491550883,-0.42726924775222846,0.671943279948173,-0.3832992793649332,0.44641893197954047
-1.1339815958846655,-0.7565823685870314,-1.4521155323373323,-1.3520813914929122,-1.5100034988919093,0.6206154468565882
-0.382612039155759,0.25121090990771505,-0.42726924775222846,0.16593711208790174,-0.7588673525405919,2.01418756587297
-1.1339815958846655,-1.5964101006659868,-1.4521155323373323,-0.50873777839246,-1.5100034988919093,0.6206154468565882
-0.382612039155759,-0.9245479150028225,0.9391924650279101,0.8406120025682635,-0.0077312061892744425,-0.07617061265160277
-1.5848033299220097,-1.7643756470817777,-1.6229232464348495,-0.8460752236326409,-1.32221946230408,-0.9471531870368415
-1.2091185515575562,-1.4284445542501958,-1.281307818239815,-0.17140033315227912,-0.5710833159527625,-0.598760157282746
-0.0820642164641963,-0.42065127575544925,-0.25646153365471114,1.8526243382888061,1.68232512310119,0.44641893197954047
-1.1339815958846655,-1.5964101006659868,-1.3837924466983254,-0.6774065010125504,-0.6837537379054601,-0.07617061265160277
-0.006927260791305636,-0.5886168221712403,-0.3589461621132215,1.009280725188354,0.44295048162151607,0.44641893197954047
-0.382612039155759,-1.2604790078344046,-0.42726924775222846,-1.0147439462527312,-0.3832992793649332,-1.1213497019138892
-0.382612039155759,1.7629008276498346,0.2559616086378408,-0.34006905577236957,-0.3832992793649332,0.09802590222544498
-0.382612039155759,-0.5886168221712403,-0.42726924775222846,-1.1834126688728217,-1.32221946230408,-1.295546216790937
0.3687575175731477,0.08324536349192396,0.2559616086378408,-0.50873777839246,-0.5710833159527625,0.794811961733636
2.998550966124321,2.770694106144581,0.9391924650279101,0.8406120025682635,-0.1955152427771038,1.1432049914877314
-1.4720978964126736,-1.0925134614186136,0.5975770368328754,-1.3520813914929122,-1.5100034988919093,-0.9471531870368415
-0.34504356131931363,0.4191764563235061,-0.9396923900447803,-0.6774065010125504,-0.7588673525405919,3.2335631700123044
-2.5991522315060336,0.4191764563235061,-0.9396923900447803,-1.3520813914929122,-1.5100034988919093,-0.9471531870368415
-0.23233812780997762,-0.8909548057196642,-1.6912463320738564,-0.6436727564885323,-1.7729011501148706,-1.365224822741756
0.5190314289189291,-0.21909262005649996,-1.0080154756837874,0.03100213399182939,-1.021765003763553,-0.6684387632335651
1.2704009856478358,0.4527695656066643,-0.32478461929371805,0.7056770244721912,0.10493921576342317,0.02834729627462588
0.06820969488158503,-0.5886168221712403,-1.4521155323373323,-1.6894188367330931,-1.5100034988919093,-1.4697427316679847
2.773140099105649,1.4269697348182526,-0.42726924775222846,-1.0147439462527312,-0.3832992793649332,-0.598760157282746
-0.7582968175202123,-1.932341193497569,-1.1105001041422977,-1.6894188367330931,-1.1344354257162506,-1.6439392465450324
-1.509666374249119,-1.0925134614186136,2.1348464637105313,-0.8460752236326409,0.7434049401620431,-1.295546216790937
-0.7582968175202123,-1.0925134614186136,-0.9396923900447803,-1.1834126688728217,-1.32221946230408,-0.598760157282746
-0.006927260791305636,-0.42065127575544925,-0.25646153365471114,-0.50873777839246,-0.5710833159527625,0.794811961733636
-0.7582968175202123,-0.08472018292386711,0.08515389454032349,-0.17140033315227912,-0.1955152427771038,-0.598760157282746
-0.7582968175202123,0.25121090990771505,0.4267693227353581,-0.50873777839246,-0.5710833159527625,-0.598760157282746
-0.7582968175202123,-0.25268572933965816,0.9391924650279101,-1.0147439462527312,-1.1344354257162506,-1.295546216790937
-0.382612039155759,0.4191764563235061,2.3056541778080484,-0.6774065010125504,-0.7588673525405919,-0.9471531870368415
-0.006927260791305636,1.0910386419866704,3.672115890588187,-0.34006905577236957,-0.3832992793649332,-0.598760157282746
-1.509666374249119,-1.2604790078344046,-0.5980769618497458,-1.0147439462527312,-0.5710833159527625,-0.25036712752865053
-0.382612039155759,-0.5886168221712403,0.08515389454032349,-0.34006905577236957,0.18005283039855494,0.44641893197954047
-1.1339815958846655,-1.0925134614186136,-1.1105001041422977,-0.17140033315227912,-1.1344354257162506,-0.07617061265160277
-0.006927260791305636,-0.08472018292386711,-0.42726924775222846,1.1779494478084442,-0.3832992793649332,1.3174015063647793
-0.382612039155759,-0.9245479150028225,-1.1105001041422977,0.5032745573280826,0.18005283039855494,0.9690084766106837
-0.382612039155759,-1.2604790078344046,-0.7688846759472631,0.16593711208790174,0.5556209035742137,0.9690084766106837
-0.1947696499735323,-0.15190640149018353,0.08515389454032349,-0.7786077345846046,0.5556209035742137,0.6206154468565882
-0.1947696499735323,-1.025327242852297,0.08515389454032349,0.09846962303986556,0.5556209035742137,0.6206154468565882
-0.7582968175202123,-0.5886168221712403,-0.9396923900447803,1.009280725188354,0.3678368669863843,-0.07617061265160277
-0.006927260791305636,-1.15969967998493,-0.6664000474887527,-0.913542712680677,-0.6461969305878943,-0.9471531870368415
1.1201270743020544,-0.15190640149018353,0.3584462370963512,0.09846962303986556,0.4805072889390819,-0.42456364240569827
-0.9461392067024389,0.4191764563235061,-1.793730960532367,-0.17140033315227912,-1.885571572067568,-0.07617061265160277
-0.006927260791305636,1.4269697348182526,-1.1105001041422977,0.8406120025682635,-1.1344354257162506,0.9690084766106837
2.2471814093954143,-0.25268572933965816,-1.281307818239815,-0.0027316105321886944,-1.32221946230408,-0.25036712752865053
3.7499205228532277,0.4191764563235061,-0.9396923900447803,0.671943279948173,-0.9466513891284213,-0.25036712752865053
-0.382612039155759,-0.5886168221712403,-1.1105001041422977,-0.17140033315227912,-0.9466513891284213,-1.1213497019138892
-0.006927260791305636,0.7551075491550883,-0.08565381955719382,1.1779494478084442,0.18005283039855494,-0.9471531870368415
-0.006927260791305636,0.25121090990771505,2.3056541778080484,0.5032745573280826,-0.0077312061892744425,-1.6439392465450324
-0.382612039155759,-1.7643756470817777,-1.281307818239815,-0.0027316105321886944,0.3678368669863843,-0.25036712752865053
0.3687575175731477,-1.0925134614186136,-0.25646153365471114,0.671943279948173,1.4945410865133606,0.44641893197954047
-0.382612039155759,-0.5886168221712403,-0.42726924775222846,-0.34006905577236957,-0.3832992793649332,-0.25036712752865053
-0.9461392067024389,0.7551075491550883,-0.9396923900447803,-0.8460752236326409,-0.9466513891284213,-1.992332276299128
-0.7582968175202123,-0.25268572933965816,-0.7688846759472631,-0.6774065010125504,-0.7588673525405919,0.09802590222544498
0.3687575175731477,0.7551075491550883,0.2559616086378408,0.33460583470799216,0.3678368669863843,1.1432049914877314
-0.7582968175202123,0.25121090990771505,-1.1105001041422977,0.5032745573280826,-1.1344354257162506,-1.1213497019138892
-0.006927260791305636,1.2590041884024614,-0.42726924775222846,1.5152868930486252,-0.3832992793649332,-0.42456364240569827
-0.9461392067024389,-1.2604790078344046,-0.42726924775222846,-1.0147439462527312,0.18005283039855494,-0.598760157282746
0.18091512839092103,-0.25268572933965816,0.5975770368328754,-0.0027316105321886944,1.3067570499255312,0.44641893197954047
0.10577817271803036,1.2590041884024614,-0.42726924775222846,-0.34006905577236957,-0.3832992793649332,0.794811961733636
0.10577817271803036,0.7551075491550883,-0.42726924775222846,1.009280725188354,-0.3832992793649332,-0.07617061265160277
0.744442295937601,-0.7565823685870314,-0.25646153365471114,0.8406120025682635,0.5556209035742137,0.09802590222544498
0.744442295937601,0.5871420027392972,0.4267693227353581,-0.50873777839246,-0.1955152427771038,0.09802590222544498
-0.7582968175202123,-0.9917341335691389,-1.0080154756837874,-0.8123414791086228,-1.0968786183986847,-0.25036712752865053
1.4958118526665076,0.016059144925607536,0.016830808901316566,0.19967085661191983,0.02982560112829143,-0.25036712752865053
-1.0212761623753297,0.08324536349192396,-0.25646153365471114,-0.6774065010125504,-1.32221946230408,-1.1213497019138892
-0.26990660564642294,1.4269697348182526,0.4267693227353581,0.671943279948173,-0.5710833159527625,-0.42456364240569827
-1.1339815958846655,-1.2604790078344046,-0.5980769618497458,-1.0147439462527312,-0.0077312061892744425,-0.42456364240569827
-0.382612039155759,-0.25268572933965816,1.1100001791254273,-0.0027316105321886944,1.8701091596890191,0.27222241710249273
-0.15720117213708695,-1.2268858985512463,0.15347698017933042,-0.30633531124835145,0.6307345182093455,-1.539421337618804
0.5941683845918196,0.11683847277508218,0.8367078365693996,0.3683395792320103,1.3818706645606629,-0.8426352781106129
-0.9461392067024389,0.5871420027392972,-0.7688846759472631,-1.0147439462527312,-0.7588673525405919,0.27222241710249273
0.18091512839092103,1.5949352812340436,0.9391924650279101,-0.0027316105321886944,0.3678368669863843,-0.7729566721597938
-1.8853511526135722,-2.10030673991336,-1.793730960532367,-2.026756281973274,-0.5710833159527625,0.44641893197954047
0.9322846851198276,-0.5886168221712403,0.22180006581833733,1.009280725188354,2.0578931962768485,0.48125823495495
-0.006927260791305636,-0.25268572933965816,-0.08565381955719382,-0.0027316105321886944,-0.0077312061892744425,0.09802590222544498
-0.382612039155759,0.4191764563235061,-0.08565381955719382,-0.34006905577236957,1.8701091596890191,-0.9471531870368415
-0.9837076845388842,-0.08472018292386711,-1.281307818239815,-0.2388678222003153,-1.3973330769392118,-0.7729566721597938
-0.23233812780997762,1.2590041884024614,-0.25646153365471114,0.43580706828004645,-0.2706288574122356,-0.07617061265160277
-1.8853511526135722,-1.2604790078344046,0.5975770368328754,-1.3520813914929122,0.7434049401620431,-1.4697427316679847
-1.1339815958846655,-0.25268572933965816,1.9640387496130138,-0.34006905577236957,2.245677232864678,-1.4697427316679847
1.082558596465609,-0.3198719479059746,0.3584462370963512,0.06473587851584747,0.6307345182093455,-0.5639208543073365
0.18091512839092103,-0.9245479150028225,0.2559616086378408,0.8406120025682635,0.7434049401620431,-0.07617061265160277
-0.1947696499735323,1.7629008276498346,-0.42726924775222846,0.16593711208790174,-0.3832992793649332,0.27222241710249273
0.9322846851198276,-1.8315618656480943,-0.83720776158627,-1.5882176031610387,-0.8339809671757237,-1.539421337618804
-0.7582968175202123,-0.9245479150028225,-0.7688846759472631,-0.6774065010125504,-0.7588673525405919,-0.598760157282746
0.3687575175731477,0.08324536349192396,0.2559616086378408,0.33460583470799216,0.3678368669863843,0.44641893197954047
-0.006927260791305636,-1.2604790078344046,-0.7688846759472631,-0.50873777839246,-0.7588673525405919,-1.4697427316679847
0.744442295937601,-0.5886168221712403,-0.08565381955719382,0.16593711208790174,-0.0077312061892744425,-0.7729566721597938
1.4958118526665076,0.08324536349192396,0.5975770368328754,0.8406120025682635,0.7434049401620431,-0.07617061265160277
-1.3218239850668922,-0.4542443850386075,0.4267693227353581,0.13220336756388365,-0.5710833159527625,-1.2258676108401179
-0.5704544283379857,0.8894799862877211,1.1100001791254273,0.8068782580442454,0.18005283039855494,-0.5290815513319269
-0.5704544283379857,0.21761780062455682,1.1100001791254273,1.4815531485246072,0.18005283039855494,-0.5290815513319269
1.1201270743020544,0.4191764563235061,1.9640387496130138,-0.8460752236326409,-0.1955152427771038,-0.42456364240569827
-1.0212761623753297,-1.5964101006659868,-0.5980769618497458,-1.0147439462527312,-0.1955152427771038,1.0386870825615029
-0.9461392067024389,-0.08472018292386711,-0.42726924775222846,-1.0147439462527312,-1.5100034988919093,-0.598760157282746
-0.1947696499735323,0.5871420027392972,0.9391924650279101,-0.34006905577236957,-0.7588673525405919,-0.598760157282746
0.9322846851198276,1.9308663740656258,0.2559616086378408,1.3466181704285347,0.3678368669863843,1.1432049914877314
-1.1339815958846655,-0.7565823685870314,0.2559616086378408,-1.1834126688728217,-0.3832992793649332,-1.295546216790937
-0.382612039155759,-0.08472018292386711,0.9391924650279101,-0.50873777839246,0.3678368669863843,-0.598760157282746
0.3687575175731477,1.9308663740656258,1.9640387496130138,0.8406120025682635,0.7434049401620431,0.09802590222544498
0.3687575175731477,0.7551075491550883,4.355346746978256,-0.6774065010125504,1.1189730133377018,-0.598760157282746
0.3687575175731477,-0.9245479150028225,0.9391924650279101,1.009280725188354,4.87465374509429,-0.598760157282746
0.3687575175731477,-0.08472018292386711,2.6472696060030834,0.16593711208790174,2.9968133792159954,-0.598760157282746
0.3687575175731477,0.08324536349192396,0.5975770368328754,1.3466181704285347,2.245677232864678,1.491598021241827
0.3687575175731477,0.4191764563235061,0.2559616086378408,2.0212930609088966,1.4945410865133606,1.491598021241827
1.1201270743020544,0.7551075491550883,0.5975770368328754,2.695967951389258,2.6212453060403367,0.794811961733636
1.1201270743020544,2.434763013312999,2.3056541778080484,1.009280725188354,0.7434049401620431,0.794811961733636
1.307969463484281,2.434763013312999,0.5975770368328754,2.695967951389258,0.7434049401620431,0.9690084766106837
1.1201270743020544,0.7551075491550883,0.9391924650279101,1.009280725188354,1.1189730133377018,1.1432049914877314
-0.7582968175202123,2.434763013312999,-0.7688846759472631,2.695967951389258,-0.7588673525405919,2.885170140258209
-0.5704544283379857,-0.3198719479059746,-0.2906230764742146,-0.8460752236326409,-0.5710833159527625,-1.2607069138155274
0.18091512839092103,0.3855833470403479,0.4267693227353581,-0.50873777839246,-0.1955152427771038,-1.0865103989384797
0.9322846851198276,1.0574455327035122,1.1100001791254273,0.16593711208790174,0.5556209035742137,-0.3897243394302887
-0.9837076845388842,-0.6558030407375568,-0.9738539328642838,-0.40753654482040574,-0.9842081964459871,-0.21552782455324096
-0.23233812780997762,0.016059144925607536,-0.7005615903082562,0.267138345659956,-0.6837537379054601,0.48125823495495
0.21848360622736637,0.8894799862877211,-0.05149227673769036,1.1442157032844262,0.02982560112829143,1.421919415291008
-0.6455913840108762,-0.8909548057196642,-0.6664000474887527,-0.30633531124835145,-0.5335265086351967,-0.9471531870368415
-0.23233812780997762,-0.387058166472291,-0.15397690519620075,0.3683395792320103,0.2176096377161208,-0.598760157282746
0.5190314289189291,0.2848040191908732,0.5292539511938685,1.380351914952553,1.1565298206552677,-0.25036712752865053
-1.1339815958846655,-0.7565823685870314,-1.4521155323373323,-1.3520813914929122,-1.5100034988919093,-0.25036712752865053
-0.5704544283379857,-0.08472018292386711,-0.7688846759472631,-1.0147439462527312,-1.1344354257162506,0.44641893197954047
0.5565999067553743,1.4269697348182526,-0.08565381955719382,-0.6774065010125504,-0.3832992793649332,1.1432049914877314
-0.42018051699220427,-1.0925134614186136,-1.1105001041422977,-1.1834126688728217,-1.1344354257162506,-1.2607069138155274
0.3311890397367024,0.25121090990771505,-0.42726924775222846,-0.50873777839246,-0.3832992793649332,0.13286520520085454
-1.2466870293940016,-1.7643756470817777,-1.0763385613227943,-1.5207501141130026,-1.0968786183986847,-1.4697427316679847
0.2560520840638117,0.25121090990771505,-0.7347231331277596,-0.50873777839246,-0.7213105452230261,-0.07617061265160277
-0.9461392067024389,-0.42065127575544925,-1.3154693610593184,-1.0147439462527312,-1.359776269621646,-0.7729566721597938
-0.382612039155759,0.25121090990771505,-0.8030462187667665,-0.34006905577236957,-0.7964241598581578,-0.25036712752865053
0.3687575175731477,1.4269697348182526,0.22180006581833733,0.8406120025682635,0.3302800596688184,0.09802590222544498
-1.1339815958846655,-1.5964101006659868,-1.281307818239815,-0.6774065010125504,-0.0077312061892744425,-0.42456364240569827
-0.382612039155759,-0.25268572933965816,-0.25646153365471114,1.8526243382888061,1.3067570499255312,0.794811961733636
-0.11963269430064163,1.5949352812340436,-1.1105001041422977,-1.3520813914929122,-1.5100034988919093,-0.32004573347946963
1.0074216407927183,2.9386596525603723,-0.42726924775222846,-0.17140033315227912,-0.7588673525405919,-0.32004573347946963
-1.509666374249119,-1.1932927892680882,1.5541002357789724,-0.9472764572046951,0.6682913255269113,-1.295546216790937
-0.382612039155759,-0.8573616964365061,3.2621773767541455,-0.7786077345846046,2.546131691405205,-1.295546216790937
-1.1339815958846655,-1.630003209949145,-0.9396923900447803,-1.3858151360169302,-0.9466513891284213,-1.0865103989384797
-0.382612039155759,-0.6222099314543985,0.4267693227353581,0.3008720901839741,1.3067570499255312,-1.0865103989384797
-0.006927260791305636,0.553548893456139,-0.7688846759472631,0.8068782580442454,-0.7588673525405919,-0.041331309676193216
-1.509666374249119,-1.5964101006659868,-1.0421770185032908,-1.3520813914929122,-1.059321811081119,0.09802590222544498
-0.006927260791305636,0.08324536349192396,1.007515550666917,0.33460583470799216,1.1940866279728335,-0.9471531870368415
-0.382612039155759,-1.0925134614186136,-0.08565381955719382,-0.8460752236326409,0.7434049401620431,0.9690084766106837
-0.5704544283379857,-0.42065127575544925,-1.281307818239815,-0.34006905577236957,-1.5100034988919093,0.6206154468565882
0.5565999067553743,0.9230730955708794,-0.5980769618497458,0.5032745573280826,-0.7588673525405919,1.6657945361188746
-0.9461392067024389,-1.4284445542501958,-0.9396923900447803,-0.2726015667243334,-0.6461969305878943,-1.1213497019138892
-0.006927260791305636,-0.5886168221712403,-0.08565381955719382,0.5707420463761188,0.29272325235125257,0.6206154468565882
0.21848360622736637,-0.9917341335691389,-0.83720776158627,-0.4412702893444238,-0.3081856647298014,-1.1561890048892989
1.533380330502953,0.1840246913413986,-0.15397690519620075,0.7394107689962092,0.44295048162151607,-0.9819924900122511
0.18091512839092103,0.7551075491550883,-0.22229999083520766,-0.34006905577236957,-0.15795843545953794,1.6657945361188746
0.744442295937601,-0.9245479150028225,-1.3154693610593184,-0.34006905577236957,-0.9842081964459871,0.09802590222544498
2.998550966124321,0.08324536349192396,-0.9738539328642838,0.671943279948173,-0.6086401232703285,0.44641893197954047
-0.5704544283379857,-0.387058166472291,-0.9738539328642838,-0.879808968156659,-0.5335265086351967,0.6206154468565882
-0.1947696499735323,-0.05112707364070889,0.39260777991585466,-0.542471522916478,0.9687457840674383,1.3174015063647793
-0.382612039155759,-0.5886168221712403,-0.42726924775222846,1.1779494478084442,1.3067570499255312,1.3174015063647793
1.1201270743020544,1.5949352812340436,-0.7005615903082562,1.1779494478084442,-0.6837537379054601,0.13286520520085454
-0.7958652953566576,-0.7565823685870314,-1.0421770185032908,-0.9472764572046951,-1.2471058476689483,0.6206154468565882
0.030641217045139696,0.1504315820582404,-0.2906230764742146,-0.2051340776762972,-0.4208560866824991,1.5612766271926461
-0.9461392067024389,-1.5964101006659868,-0.7688846759472631,-0.17140033315227912,-0.7588673525405919,-0.7729566721597938
-0.26990660564642294,-0.48783749432176565,-0.8713693044057734,-0.9810102017287132,-1.0968786183986847,0.23738311412708318
1.2328325078113904,0.5199557841729807,-0.1881384480157042,0.03100213399182939,-0.3457424720473673,0.5857761438811787
-0.49531747266509496,-1.797968756364936,0.46093086555486157,-1.5544838586370207,0.5931777108917795,-1.539421337618804
-0.11963269430064163,0.3855833470403479,1.4857771501399655,0.3008720901839741,1.7198819304187558,-1.1910283078647084
-0.7582968175202123,0.08324536349192396,0.7683847509303927,-2.026756281973274,-0.9466513891284213,-1.992332276299128
-1.8853511526135722,-1.7643756470817777,-0.9396923900447803,-0.0027316105321886944,0.7434049401620431,-0.25036712752865053
1.1201270743020544,-2.436237832744942,-2.306154102824919,-1.8580875593531834,-0.1955152427771038,-1.295546216790937
0.21848360622736637,-0.42065127575544925,-0.9396923900447803,0.7394107689962092,-1.059321811081119,0.8296512647090455
-0.7582968175202123,0.48636267488982254,1.2124848075839378,0.7394107689962092,1.4194274718782287,-1.1213497019138892
-0.4577489948286496,-0.25268572933965816,-0.9396923900447803,-1.0147439462527312,-0.9466513891284213,-0.8774745810860224
-0.0820642164641963,0.4191764563235061,-0.25646153365471114,-0.6774065010125504,-0.5710833159527625,0.5160975379303596
1.420674896993617,1.7629008276498346,0.7683847509303927,0.33460583470799216,0.5556209035742137,1.2128835974385506
2.435023798577641,0.25121090990771505,-1.1105001041422977,-1.0147439462527312,0.5556209035742137,-2.1665287911761757
-1.1339815958846655,-0.25268572933965816,-1.1105001041422977,-1.1834126688728217,-1.1344354257162506,-0.25036712752865053
-0.006927260791305636,1.0910386419866704,-0.08565381955719382,1.5152868930486252,-0.0077312061892744425,0.794811961733636
-0.0820642164641963,-0.18549951077334176,0.18763852299883388,-1.0822114353007675,-1.059321811081119,-1.2258676108401179
1.420674896993617,1.1582248605529868,1.5541002357789724,-0.07019909958022487,0.0673824084458573,-0.7032780662089747
-1.1339815958846655,-0.9245479150028225,0.5975770368328754,-1.3520813914929122,-0.5710833159527625,-0.07617061265160277
-0.006927260791305636,0.4191764563235061,1.2808078932229447,-0.34006905577236957,0.18005283039855494,0.9690084766106837
-0.833433773193103,-0.555023712888082,-1.1105001041422977,-0.30633531124835145,-1.1344354257162506,-0.598760157282746
0.48146295108248366,0.9566662048540375,-0.25646153365471114,0.5370083018521007,-0.1955152427771038,0.6206154468565882
0.1433466505544757,0.7551075491550883,-0.017330733918186896,0.671943279948173,0.0673824084458573,-0.7381173691843842
-0.7958652953566576,-0.9581410242859807,-0.5639154190302423,-0.7111402455365685,-0.3457424720473673,-0.041331309676193216
-0.04449573862775097,-0.2862788386228164,0.11931543735982696,-0.03646535505620678,0.5931777108917795,0.8296512647090455
-0.9461392067024389,-1.932341193497569,-0.7688846759472631,-0.34006905577236957,1.8701091596890191,-0.598760157282746
-0.382612039155759,-0.5214306036049239,-0.7688846759472631,-0.2726015667243334,-0.3832992793649332,-0.9471531870368415
0.744442295937601,0.48636267488982254,0.08515389454032349,0.7394107689962092,0.5556209035742137,-0.25036712752865053
-0.006927260791305636,1.4269697348182526,-0.25646153365471114,-0.8460752236326409,0.5556209035742137,2.01418756587297
-0.006927260791305636,-0.25268572933965816,1.451615607320462,2.0212930609088966,0.7434049401620431,-0.25036712752865053
1.4958118526665076,0.25121090990771505,0.7683847509303927,0.33460583470799216,0.9311889767498724,-0.598760157282746
1.6836542418487344,2.098831920481417,1.9640387496130138,-0.50873777839246,-0.5710833159527625,-0.9471531870368415
1.1201270743020544,0.7551075491550883,1.7932310355154966,1.3466181704285347,-0.7588673525405919,-0.598760157282746
0.18091512839092103,1.5277490626677273,-0.1881384480157042,0.8406120025682635,0.5556209035742137,0.9690084766106837
0.18091512839092103,0.5871420027392972,-0.1881384480157042,1.8526243382888061,0.9311889767498724,0.5509368409057691
0.5565999067553743,-0.9245479150028225,0.7683847509303927,1.6839556156687157,1.68232512310119,0.44641893197954047
0.5941683845918196,-0.05112707364070889,0.46093086555486157,1.5490206375726432,-0.5335265086351967,0.9690084766106837
-0.1947696499735323,1.0910386419866704,1.9640387496130138,-0.34006905577236957,-0.1955152427771038,0.9690084766106837
-0.1947696499735323,-0.5886168221712403,1.2808078932229447,2.0212930609088966,0.9311889767498724,-0.07617061265160277
0.18091512839092103,0.5871420027392972,1.7932310355154966,-0.8460752236326409,0.18005283039855494,0.9690084766106837
1.4958118526665076,1.7629008276498346,0.2559616086378408,-0.0027316105321886944,-0.3832992793649332,0.44641893197954047
0.5565999067553743,0.08324536349192396,-0.08565381955719382,2.189961783528987,0.18005283039855494,0.794811961733636
-0.0820642164641963,1.5949352812340436,-0.25646153365471114,-0.17140033315227912,1.68232512310119,0.44641893197954047
-0.382612039155759,-0.7565823685870314,2.476461891905566,0.16593711208790174,2.9968133792159954,-0.9471531870368415
-0.9461392067024389,0.7551075491550883,2.1348464637105313,-0.17140033315227912,2.4334612694525073,-0.7729566721597938
-0.006927260791305636,0.08324536349192396,-0.08565381955719382,0.33460583470799216,-0.0077312061892744425,1.491598021241827
-0.7582968175202123,-0.9245479150028225,0.15347698017933042,0.8406120025682635,0.2551664450336867,0.8296512647090455
0.18091512839092103,-0.08472018292386711,1.9640387496130138,0.16593711208790174,2.245677232864678,0.9690084766106837
0.3687575175731477,0.9230730955708794,1.1100001791254273,1.1779494478084442,1.3067570499255312,0.44641893197954047
0.18091512839092103,1.5949352812340436,-0.08565381955719382,1.8526243382888061,-0.0077312061892744425,1.6657945361188746
1.1201270743020544,1.4269697348182526,1.6224233214179793,2.695967951389258,1.1189730133377018,0.794811961733636
0.744442295937601,1.4269697348182526,0.9391924650279101,2.695967951389258,1.8701091596890191,1.1432049914877314
0.7820107737740464,0.4191764563235061,1.144161721944931,2.0212930609088966,1.344313857243097,0.3419010230533118
1.4958118526665076,2.770694106144581,1.2808078932229447,0.33460583470799216,1.4945410865133606,1.1432049914877314
2.998550966124321,0.7551075491550883,1.6224233214179793,1.009280725188354,1.8701091596890191,0.794811961733636
1.871496631030961,-0.25268572933965816,1.2808078932229447,0.16593711208790174,1.8701091596890191,0.6206154468565882
0.3687575175731477,0.08324536349192396,0.2559616086378408,0.33460583470799216,0.3678368669863843,0.44641893197954047
1.1201270743020544,0.7551075491550883,0.9391924650279101,1.009280725188354,1.1189730133377018,1.1432049914877314
-0.006927260791305636,0.4191764563235061,0.5975770368328754,2.189961783528987,0.7434049401620431,2.01418756587297
1.1201270743020544,0.7551075491550883,0.9391924650279101,1.009280725188354,1.1189730133377018,1.1432049914877314
1.871496631030961,1.4269697348182526,1.6224233214179793,1.6839556156687157,1.8701091596890191,1.8399910509959225
1.1201270743020544,0.7551075491550883,0.9391924650279101,1.009280725188354,1.1189730133377018,1.1432049914877314
-0.9461392067024389,-1.0925134614186136,-0.5980769618497458,-0.8460752236326409,-0.5710833159527625,-0.14584921860242187
-0.382612039155759,-0.5886168221712403,0.08515389454032349,-0.34006905577236957,0.18005283039855494,0.5509368409057691
0.18091512839092103,-0.08472018292386711,0.7683847509303927,0.16593711208790174,0.9311889767498724,1.5961159301680556
-0.1947696499735323,-0.48783749432176565,-0.9396923900447803,-0.8460752236326409,-0.9466513891284213,-0.7729566721597938
0.744442295937601,0.5199557841729807,-0.5980769618497458,-0.0027316105321886944,-0.5710833159527625,-0.42456364240569827
1.4958118526665076,1.5277490626677273,-0.25646153365471114,1.009280725188354,-0.1955152427771038,-0.07617061265160277
-0.5704544283379857,-0.7565823685870314,-0.9396923900447803,-0.2388678222003153,-0.9466513891284213,-0.7729566721597938
0.18091512839092103,-0.08472018292386711,-0.42726924775222846,0.43580706828004645,-0.3832992793649332,-0.25036712752865053
0.9322846851198276,0.7551075491550883,0.4267693227353581,1.2791506813804987,-0.0077312061892744425,0.09802590222544498
-0.9461392067024389,-0.7565823685870314,-1.1446616469618012,-1.1834126688728217,-1.1719922330338166,-0.8774745810860224
-0.382612039155759,0.25121090990771505,-0.11981536237669728,-0.34006905577236957,-0.045288013506840315,0.3419010230533118
-0.9461392067024389,-0.5886168221712403,-0.9396923900447803,-1.5207501141130026,-0.9466513891284213,-0.42456364240569827
-0.1947696499735323,0.08324536349192396,-0.25646153365471114,-1.1834126688728217,-0.1955152427771038,-0.25036712752865053
0.5565999067553743,1.0910386419866704,0.5975770368328754,-0.8460752236326409,0.7434049401620431,0.44641893197954047
-1.0964131180482202,-0.9245479150028225,-1.212984732600808,-0.6774065010125504,-1.2471058476689483,-0.041331309676193216
-0.23233812780997762,0.3519902377571897,-0.7688846759472631,0.6044757909001368,-0.7588673525405919,1.3522408093401888
-0.7582968175202123,-0.8237685871533478,-0.83720776158627,-0.5762052674404962,-0.8339809671757237,-0.11100991562701232
0.18091512839092103,0.6879213305887718,-0.32478461929371805,0.9418132361403178,-0.2706288574122356,1.178044294463141
-0.7582968175202123,-0.8237685871533478,-0.83720776158627,-0.5762052674404962,-0.8339809671757237,-0.11100991562701232
0.18091512839092103,0.6879213305887718,-0.32478461929371805,0.9418132361403178,-0.2706288574122356,1.178044294463141
-0.7582968175202123,-0.8237685871533478,-0.83720776158627,-0.5762052674404962,-0.8339809671757237,-0.11100991562701232
0.18091512839092103,0.6879213305887718,-0.32478461929371805,0.9418132361403178,-0.2706288574122356,1.178044294463141
0.21848360622736637,-1.7643756470817777,-0.9396923900447803,-0.10393284410424296,-0.5710833159527625,-1.5045820346433942
1.7212227196851797,-0.7565823685870314,0.4267693227353581,1.2454169368564805,0.9311889767498724,-1.3303855197663466
-0.7582968175202123,-0.7565823685870314,-0.7688846759472631,-1.1496789243488037,-1.5100034988919093,-0.8426352781106129
-0.3074750834828683,-0.01753396435755068,-0.3589461621132215,-0.6774065010125504,-1.059321811081119,-0.07617061265160277
0.3687575175731477,1.2590041884024614,0.2559616086378408,-0.17140033315227912,-0.5710833159527625,0.8993298706598646
-0.9461392067024389,-0.5886168221712403,-1.3837924466983254,-0.6774065010125504,-1.4348898842567777,0.3070617200779023
0.18091512839092103,0.7551075491550883,-0.32478461929371805,0.33460583470799216,-0.2706288574122356,1.7006338390942843
-0.5704544283379857,-0.08472018292386711,0.4267693227353581,-1.5207501141130026,-1.6977875354797387,-1.8181357614220803
-0.006927260791305636,0.9230730955708794,1.1100001791254273,-0.6774065010125504,-1.1344354257162506,-1.6439392465450324
0.5565999067553743,1.9308663740656258,1.9640387496130138,-0.34006905577236957,0.3678368669863843,-1.4697427316679847
-0.1947696499735323,-1.0925134614186136,-1.0080154756837874,-0.50873777839246,-1.021765003763553,0.1677045081762641
-0.11963269430064163,-0.689396150020715,-0.5980769618497458,0.23340460113593792,-0.5710833159527625,1.6309552331434651
-0.382612039155759,0.25121090990771505,-1.1105001041422977,-1.3520813914929122,-0.9466513891284213,0.02834729627462588
1.4958118526665076,1.9308663740656258,-0.42726924775222846,-0.6774065010125504,-0.1955152427771038,0.7251333557828169
1.2328325078113904,-0.5886168221712403,0.46093086555486157,-0.34006905577236957,0.5931777108917795,-0.598760157282746
0.18091512839092103,0.08324536349192396,-0.5980769618497458,-1.5207501141130026,-1.32221946230408,-1.1213497019138892
0.5565999067553743,0.9230730955708794,0.4267693227353581,-1.0147439462527312,-0.7588673525405919,-0.9471531870368415
1.307969463484281,2.098831920481417,0.7683847509303927,-0.50873777839246,-0.1955152427771038,-0.7729566721597938
-0.7582968175202123,-0.9245479150028225,-1.1105001041422977,-0.6774065010125504,-1.1344354257162506,-0.11100991562701232
0.18091512839092103,-0.42065127575544925,-0.5980769618497458,-0.17140033315227912,-0.5710833159527625,0.06318659925003543
1.307969463484281,0.5871420027392972,0.08515389454032349,0.5032745573280826,0.18005283039855494,0.23738311412708318
1.871496631030961,0.7551075491550883,0.4267693227353581,-1.3520813914929122,0.5556209035742137,-0.7729566721597938
0.18091512839092103,1.5949352812340436,0.08515389454032349,-1.3520813914929122,0.18005283039855494,0.6206154468565882
-0.9461392067024389,-0.8237685871533478,-0.08565381955719382,-1.0147439462527312,-0.3832992793649332,-0.8774745810860224
-0.5704544283379857,-0.48783749432176565,0.5975770368328754,-0.6774065010125504,0.3678368669863843,-0.8774745810860224
0.18091512839092103,0.8558868770045629,0.2559616086378408,-0.0027316105321886944,0.3678368669863843,0.8644905676844551
-1.509666374249119,-1.0925134614186136,-0.4614307905717319,-1.3520813914929122,-1.1719922330338166,-0.3548850364548792
-1.1339815958846655,-0.7565823685870314,0.9050309222084066,-1.0147439462527312,0.3302800596688184,-0.7032780662089747
-0.382612039155759,0.7551075491550883,0.563415494013372,-0.50873777839246,-0.045288013506840315,1.5612766271926461
-1.1339815958846655,-1.6971894285154614,-0.42726924775222846,-1.1159451798247855,-0.7588673525405919,-0.041331309676193216
-0.382612039155759,-0.35346505718913285,0.4267693227353581,0.23340460113593792,0.18005283039855494,1.7006338390942843
-0.9461392067024389,-1.4284445542501958,-0.7688846759472631,-0.0027316105321886944,-0.7588673525405919,-1.295546216790937
-0.006927260791305636,-0.5886168221712403,0.08515389454032349,1.3466181704285347,0.18005283039855494,0.794811961733636
-0.006927260791305636,0.48636267488982254,-0.25646153365471114,0.33460583470799216,-0.5710833159527625,1.0735263855369124
-0.7582968175202123,-0.18549951077334176,-1.281307818239815,-1.1834126688728217,-1.32221946230408,-0.07617061265160277
-0.382612039155759,0.1504315820582404,-0.9396923900447803,-0.8460752236326409,-0.9466513891284213,0.23738311412708318
0.9322846851198276,1.326190406968778,0.2559616086378408,-0.17140033315227912,-0.0077312061892744425,0.8644905676844551
-0.006927260791305636,0.4191764563235061,-0.9396923900447803,-1.8580875593531834,-0.9466513891284213,-0.598760157282746
1.307969463484281,2.098831920481417,-0.5980769618497458,-1.3520813914929122,-0.5710833159527625,0.9690084766106837
0.18091512839092103,0.2848040191908732,-0.1881384480157042,1.2116831923324625,-0.12040162814197207,-0.25036712752865053
-0.7582968175202123,-0.42065127575544925,0.4267693227353581,-1.1834126688728217,-1.32221946230408,-0.42456364240569827
-0.006927260791305636,0.9230730955708794,1.7932310355154966,-0.17140033315227912,0.18005283039855494,-0.7729566721597938
-0.7582968175202123,-0.08472018292386711,-0.08565381955719382,-1.1834126688728217,-0.0077312061892744425,-0.6684387632335651
-0.1947696499735323,0.4191764563235061,1.451615607320462,-0.8460752236326409,1.68232512310119,-0.32004573347946963
0.06820969488158503,-0.6558030407375568,0.2559616086378408,1.1104819587604082,0.3678368669863843,1.0386870825615029
-1.2091185515575562,-1.5964101006659868,0.4267693227353581,-0.50873777839246,-0.1955152427771038,-1.295546216790937
-0.4577489948286496,-0.9245479150028225,2.476461891905566,0.8406120025682635,1.3067570499255312,-1.295546216790937
-0.608022906174431,0.016059144925607536,1.0416770934864203,-0.5762052674404962,-0.9466513891284213,-1.5742606405942134
0.1433466505544757,1.0238524234203539,2.0665233780715244,0.43580706828004645,-0.1955152427771038,-1.2258676108401179
-0.5704544283379857,1.1582248605529868,-0.9396923900447803,0.13220336756388365,-0.9466513891284213,0.09802590222544498
0.18091512839092103,2.098831920481417,-0.25646153365471114,1.414085659476571,-0.1955152427771038,1.491598021241827
-0.7582968175202123,-0.9245479150028225,-0.3589461621132215,-1.0147439462527312,-0.3081856647298014,-0.07617061265160277
0.3687575175731477,0.5871420027392972,0.32428469427684775,-0.34006905577236957,0.44295048162151607,0.27222241710249273
-1.1339815958846655,-0.42065127575544925,-1.1105001041422977,0.33460583470799216,-1.1344354257162506,-0.07617061265160277
-0.382612039155759,0.9230730955708794,-0.42726924775222846,1.6839556156687157,-0.3832992793649332,1.3174015063647793
-0.5704544283379857,-0.9245479150028225,-1.1105001041422977,-1.0147439462527312,-1.1344354257162506,0.27222241710249273
0.18091512839092103,0.5871420027392972,-0.42726924775222846,-0.17140033315227912,-0.3832992793649332,1.6657945361188746
-0.9461392067024389,-1.5964101006659868,-0.7688846759472631,-0.50873777839246,-0.1955152427771038,-0.7729566721597938
-0.382612039155759,-1.0925134614186136,-0.08565381955719382,0.16593711208790174,0.5556209035742137,-0.42456364240569827
-0.006927260791305636,-0.7565823685870314,0.7683847509303927,0.8406120025682635,1.4945410865133606,-0.07617061265160277
-0.9461392067024389,-1.5964101006659868,-1.1105001041422977,1.1779494478084442,-0.7588673525405919,-1.6439392465450324
-0.1947696499735323,-1.2604790078344046,-0.7688846759472631,1.8526243382888061,-0.3832992793649332,-1.295546216790937
1.4958118526665076,-0.42065127575544925,0.08515389454032349,1.8526243382888061,0.5556209035742137,-1.295546216790937
-0.3074750834828683,-1.1261065707017717,-0.7688846759472631,-0.879808968156659,-0.7588673525405919,-0.42456364240569827
0.18091512839092103,0.31839712847403145,-0.32478461929371805,0.5707420463761188,-0.2706288574122356,1.0735263855369124
-1.284255507230447,-0.9245479150028225,-0.7688846759472631,-0.17140033315227912,-0.3832992793649332,-0.8077959751352033
-0.7207283396837669,-0.42065127575544925,-0.25646153365471114,0.33460583470799216,0.18005283039855494,-0.2852064305040601
0.030641217045139696,0.5871420027392972,0.4267693227353581,1.3466181704285347,0.9311889767498724,0.4115796290041309
-0.382612039155759,-0.5886168221712403,-0.7688846759472631,-1.0147439462527312,-0.7588673525405919,0.27222241710249273
0.3687575175731477,0.7551075491550883,-0.08565381955719382,-0.34006905577236957,-0.0077312061892744425,0.9690084766106837
-0.5704544283379857,-0.08472018292386711,-0.42726924775222846,0.16593711208790174,-0.3832992793649332,1.24772290041396
-0.7582968175202123,-0.08472018292386711,-0.9396923900447803,-1.0147439462527312,-0.9466513891284213,-0.25036712752865053
-0.006927260791305636,1.9308663740656258,1.1100001791254273,-0.34006905577236957,1.3067570499255312,-1.6439392465450324
-0.04449573862775097,-0.7565823685870314,-0.9396923900447803,-0.50873777839246,-0.5710833159527625,-1.8181357614220803
1.646085764012289,0.25121090990771505,-0.08565381955719382,0.5032745573280826,0.3678368669863843,-1.295546216790937
-0.5704544283379857,-1.2604790078344046,-0.7688846759472631,-0.17140033315227912,0.5556209035742137,-0.9471531870368415
1.1201270743020544,-0.5886168221712403,-0.08565381955719382,0.5032745573280826,1.3067570499255312,-0.25036712752865053
3.562078133671001,-0.08472018292386711,0.2559616086378408,-1.0147439462527312,-0.9466513891284213,-0.07617061265160277
-0.7582968175202123,-1.025327242852297,-0.7688846759472631,-0.4412702893444238,-0.7588673525405919,-0.07617061265160277
-0.006927260791305636,-0.01753396435755068,-0.42726924775222846,0.9080794916162996,-0.3832992793649332,1.421919415291008
-0.9837076845388842,-0.9245479150028225,0.6317385796523789,-1.5544838586370207,0.5931777108917795,-1.992332276299128
0.1433466505544757,0.553548893456139,1.9982002924325173,-0.542471522916478,1.7198819304187558,-1.6439392465450324
-1.1339815958846655,-0.7565823685870314,-0.08565381955719382,-0.8460752236326409,-0.3832992793649332,-1.295546216790937
-0.382612039155759,0.08324536349192396,0.7683847509303927,-0.0027316105321886944,0.5556209035742137,-0.598760157282746
-0.382612039155759,0.7551075491550883,1.451615607320462,-0.0027316105321886944,0.5556209035742137,0.794811961733636
-1.3218239850668922,-0.7565823685870314,-1.1105001041422977,-0.8460752236326409,-1.1344354257162506,-0.25036712752865053
-0.1947696499735323,0.25121090990771505,-0.08565381955719382,0.16593711208790174,-0.0077312061892744425,-0.9471531870368415
0.5565999067553743,1.2590041884024614,0.2559616086378408,1.1779494478084442,0.3678368669863843,-0.598760157282746
-0.5704544283379857,-0.7565823685870314,-0.5980769618497458,0.5032745573280826,-0.5710833159527625,-1.295546216790937
0.18091512839092103,-0.08472018292386711,0.08515389454032349,1.8526243382888061,0.9311889767498724,-0.9471531870368415
-0.7582968175202123,-1.5964101006659868,-0.5980769618497458,-0.17140033315227912,-0.5710833159527625,-1.6439392465450324
-0.382612039155759,-1.2604790078344046,-0.42726924775222846,0.8406120025682635,-0.3832992793649332,-0.42456364240569827
-0.382612039155759,-0.7565823685870314,0.5975770368328754,2.527299228769168,0.7434049401620431,0.44641893197954047
-0.9085707288659937,0.31839712847403145,-0.42726924775222846,-1.3520813914929122,-1.1344354257162506,-0.3548850364548792
-0.15720117213708695,1.326190406968778,-0.08565381955719382,-1.0147439462527312,-0.7588673525405919,-0.00649200670078367
0.21848360622736637,2.3339836854635245,0.5975770368328754,-0.34006905577236957,-0.0077312061892744425,1.0386870825615029
-0.5704544283379857,-0.25268572933965816,-1.1105001041422977,-0.34006905577236957,-1.1344354257162506,-0.9471531870368415
0.9322846851198276,1.7629008276498346,0.2559616086378408,-0.0027316105321886944,0.3678368669863843,-0.598760157282746
0.3687575175731477,-0.9245479150028225,-0.7688846759472631,0.8406120025682635,2.4334612694525073,1.3174015063647793
-0.7582968175202123,-1.2604790078344046,0.4267693227353581,-1.0147439462527312,-0.1955152427771038,-1.4697427316679847
0.3687575175731477,-0.25268572933965816,-1.1105001041422977,1.009280725188354,-0.3832992793649332,2.710973625381161
1.4582433748300623,-0.387058166472291,0.39260777991585466,0.3683395792320103,1.081416206020136,-1.2258676108401179
-0.9461392067024389,0.25121090990771505,-0.7688846759472631,-0.50873777839246,-0.7588673525405919,-0.07617061265160277
-0.1947696499735323,1.5949352812340436,-0.42726924775222846,0.8406120025682635,-0.3832992793649332,1.3174015063647793
0.2560520840638117,1.4269697348182526,0.5975770368328754,-0.34006905577236957,0.7434049401620431,-0.6684387632335651
-0.42018051699220427,-0.11831329220702533,-0.7688846759472631,-1.1834126688728217,-0.7588673525405919,-1.1213497019138892
0.7068738181011557,1.5613421719508853,0.2559616086378408,-0.50873777839246,0.3678368669863843,-0.42456364240569827
-0.9461392067024389,0.25121090990771505,-0.08565381955719382,-1.0147439462527312,-1.1344354257162506,-0.25036712752865053
-0.1947696499735323,1.5949352812340436,0.9391924650279101,-0.34006905577236957,-0.0077312061892744425,0.09802590222544498
0.9322846851198276,1.0910386419866704,0.7683847509303927,-1.0147439462527312,0.9311889767498724,-0.42456364240569827
-0.006927260791305636,0.1840246913413986,-0.7688846759472631,-1.1159451798247855,-0.7588673525405919,-0.25036712752865053
1.1201270743020544,1.5277490626677273,0.08515389454032349,-0.4412702893444238,0.18005283039855494,0.44641893197954047
-0.006927260791305636,-0.7565823685870314,0.08515389454032349,-0.8460752236326409,-0.1955152427771038,-0.25036712752865053
1.4958118526665076,-0.42065127575544925,1.1100001791254273,-0.50873777839246,0.9311889767498724,0.44641893197954047
0.5565999067553743,0.6543282213056136,-0.22229999083520766,1.1779494478084442,-0.15795843545953794,-0.07617061265160277
-0.4577489948286496,1.0574455327035122,1.3491309788619517,-0.7448739900605866,-0.8339809671757237,1.4567587182664175
-0.6831598618473216,-0.42065127575544925,-0.7688846759472631,-0.8460752236326409,-0.7588673525405919,-1.0168317929876607
0.06820969488158503,0.25121090990771505,-0.08565381955719382,-0.17140033315227912,-0.0077312061892744425,-0.32004573347946963
0.8195792516104917,0.9230730955708794,0.5975770368328754,1.8526243382888061,0.7434049401620431,1.0735263855369124
-0.5704544283379857,0.25121090990771505,-0.5980769618497458,-0.6774065010125504,-0.5710833159527625,-0.25036712752865053
0.5565999067553743,-0.5886168221712403,-0.25646153365471114,2.189961783528987,1.3067570499255312,1.1432049914877314
0.7820107737740464,0.4191764563235061,1.9298772067935104,0.671943279948173,0.0673824084458573,1.421919415291008
0.7820107737740464,1.7293077183666765,0.5975770368328754,0.06473587851584747,0.7434049401620431,1.421919415291008
0.7820107737740464,0.4191764563235061,-0.017330733918186896,0.671943279948173,2.2081204255471123,1.421919415291008
0.3311890397367024,1.2590041884024614,-0.08565381955719382,1.8526243382888061,0.3678368669863843,1.5264373242172364
0.3311890397367024,1.2590041884024614,-0.08565381955719382,1.8526243382888061,0.3678368669863843,1.5264373242172364
1.1201270743020544,1.4269697348182526,0.9391924650279101,2.695967951389258,1.8701091596890191,0.794811961733636
1.1201270743020544,2.434763013312999,1.6224233214179793,1.6839556156687157,1.1189730133377018,0.794811961733636
0.7068738181011557,1.5949352812340436,0.5975770368328754,1.5152868930486252,0.3678368669863843,1.178044294463141
2.0593390202131876,1.7629008276498346,0.5975770368328754,2.0212930609088966,0.7434049401620431,0.9690084766106837
0.7820107737740464,-0.18549951077334176,0.5975770368328754,1.9875593163848784,0.7434049401620431,1.421919415291008
1.1201270743020544,-0.01753396435755068,0.15347698017933042,1.9538255718608604,2.1705636182295462,0.794811961733636
0.030641217045139696,1.4269697348182526,0.7683847509303927,1.6839556156687157,0.9311889767498724,1.1083656885123219
-0.5328859505015403,-0.555023712888082,-0.25646153365471114,-0.7448739900605866,-0.9466513891284213,-1.0168317929876607
-0.34504356131931363,0.016059144925607536,0.7683847509303927,-0.4750040338684419,-0.4584128940000649,-0.3548850364548792
0.6693053402647103,0.9902593141371957,1.6907464070569862,0.13220336756388365,0.18005283039855494,-0.11100991562701232
-1.1339815958846655,-1.0925134614186136,-1.1105001041422977,-0.2726015667243334,-0.3832992793649332,-0.25036712752865053
-0.42018051699220427,-0.6222099314543985,-0.4955923333912354,0.671943279948173,-0.0077312061892744425,0.20254381115167364
0.18091512839092103,-0.2862788386228164,-0.017330733918186896,1.4815531485246072,1.1189730133377018,1.2825622033893698
-1.0964131180482202,-0.7229892593038731,-1.1105001041422977,-0.2726015667243334,-0.9842081964459871,0.13286520520085454
-0.608022906174431,-0.48783749432176565,-0.7005615903082562,0.43580706828004645,-0.5335265086351967,1.0386870825615029
0.06820969488158503,0.5871420027392972,-0.1881384480157042,1.1104819587604082,0.02982560112829143,1.9096696569467415
-1.2091185515575562,-1.3948514449670375,-1.1788231897813046,-1.284613902444876,-1.284662654986514,-0.3548850364548792
0.5565999067553743,-0.7229892593038731,0.15347698017933042,-0.6774065010125504,0.2551664450336867,0.3767403260287214
-0.9461392067024389,-0.9245479150028225,-1.0080154756837874,-1.0147439462527312,-1.2095490403513824,-0.1806885215778314
-0.3074750834828683,-0.15190640149018353,-0.5980769618497458,-0.4750040338684419,-0.6837537379054601,0.5857761438811787
0.29362056190025704,0.11683847277508218,-0.05149227673769036,0.13220336756388365,-0.045288013506840315,2.04902686884838
-1.2091185515575562,-1.4284445542501958,-1.1105001041422977,-1.4532826250649664,-1.6977875354797387,-1.1213497019138892
-0.9461392067024389,-1.8651549749312524,-0.42726924775222846,-1.4532826250649664,-1.5100034988919093,-1.3303855197663466
0.3687575175731477,-0.8573616964365061,-0.7688846759472631,0.671943279948173,-0.7588673525405919,0.7599726587582264
-0.3074750834828683,-0.9245479150028225,-0.4955923333912354,0.09846962303986556,-0.6086401232703285,0.1677045081762641
0.5941683845918196,-0.3198719479059746,-0.017330733918186896,1.3128844259045167,-0.15795843545953794,1.3522408093401888
-0.9837076845388842,-1.327665226400721,-1.1446616469618012,-0.30633531124835145,0.3302800596688184,-0.8774745810860224
-0.608022906174431,-1.0925134614186136,-0.8713693044057734,0.16593711208790174,1.04385939870257,-0.5290815513319269
0.29362056190025704,-0.42065127575544925,-0.15397690519620075,1.414085659476571,3.1470406084862588,0.27222241710249273
-0.15720117213708695,-0.42065127575544925,-0.83720776158627,-0.2726015667243334,-0.4959697013176308,-0.5290815513319269
1.984202064540297,0.7551075491550883,-0.3589461621132215,0.9080794916162996,0.4053936743039502,0.02834729627462588
-0.11963269430064163,0.1504315820582404,-0.3589461621132215,-0.8123414791086228,-0.8339809671757237,-0.8426352781106129
0.9322846851198276,1.5613421719508853,0.18763852299883388,-0.03646535505620678,0.02982560112829143,-0.32004573347946963
0.18091512839092103,0.08324536349192396,-0.42726924775222846,-0.17140033315227912,0.7434049401620431,1.2128835974385506
-0.3074750834828683,-0.9917341335691389,-0.6322385046692492,-0.2388678222003153,-0.3832992793649332,0.02834729627462588
0.1433466505544757,-0.9917341335691389,0.11931543735982696,0.43580706828004645,0.4053936743039502,1.2825622033893698
-0.9461392067024389,0.08324536349192396,0.9391924650279101,-1.1834126688728217,-1.2471058476689483,-1.365224822741756
-0.42018051699220427,1.0910386419866704,2.6472696060030834,-0.8460752236326409,-0.7964241598581578,-1.1213497019138892
-0.382612039155759,-0.9245479150028225,2.3056541778080484,-0.6774065010125504,2.6212453060403367,-0.25036712752865053
0.29362056190025704,-0.8573616964365061,-0.42726924775222846,-0.2388678222003153,-0.1955152427771038,-1.539421337618804
1.1576955521384997,-0.18549951077334176,-0.017330733918186896,0.9755469806643358,0.7058481328444771,-1.3303855197663466
-0.3074750834828683,-0.9917341335691389,-0.22229999083520766,-0.3738028002963876,-0.4959697013176308,-0.6335994602581556
0.44389447324603837,0.08324536349192396,0.46093086555486157,0.5032745573280826,0.18005283039855494,0.1677045081762641
-0.6455913840108762,-0.7901754778701896,-0.6664000474887527,-1.1159451798247855,-0.9090945818108555,-0.7729566721597938
0.5941683845918196,0.48636267488982254,0.5292539511938685,-0.07019909958022487,0.18005283039855494,0.20254381115167364
-1.058844640211775,-0.8573616964365061,-0.1881384480157042,-1.0484776907767495,-0.5335265086351967,-0.598760157282746
0.06820969488158503,0.9230730955708794,1.451615607320462,-0.542471522916478,0.5931777108917795,0.02834729627462588
-0.7582968175202123,-0.5886168221712403,-0.42726924775222846,-0.34006905577236957,-0.3832992793649332,-1.295546216790937
-0.1947696499735323,-0.08472018292386711,0.5975770368328754,0.9080794916162996,1.9827795816417169,-0.8077959751352033
-0.7582968175202123,-0.8237685871533478,-0.3589461621132215,-0.40753654482040574,-0.2706288574122356,-0.8077959751352033
0.030641217045139696,-0.15190640149018353,0.5292539511938685,1.6839556156687157,0.7058481328444771,-0.2852064305040601
-0.9837076845388842,-1.327665226400721,-1.349630903878822,-0.30633531124835145,-1.021765003763553,0.09802590222544498
-0.3074750834828683,-0.7565823685870314,-0.7005615903082562,1.3128844259045167,0.8936321694323065,1.4567587182664175
-0.4577489948286496,0.3855833470403479,0.15347698017933042,-0.8460752236326409,-0.9466513891284213,-0.6684387632335651
0.44389447324603837,1.4605628441014107,1.5882617785984758,-0.03646535505620678,-0.4208560866824991,0.13286520520085454
0.2560520840638117,-0.6222099314543985,-0.7688846759472631,-0.10393284410424296,-0.2706288574122356,-0.7381173691843842
1.984202064540297,-0.01753396435755068,-0.017330733918186896,0.9755469806643358,0.8185185547971747,-0.32004573347946963
0.9322846851198276,-0.42065127575544925,-0.25646153365471114,1.3466181704285347,2.245677232864678,-0.25036712752865053
0.29362056190025704,0.48636267488982254,0.08515389454032349,0.13220336756388365,-0.2706288574122356,1.7703124450451033
-0.11963269430064163,-0.6558030407375568,-0.5297538762107389,0.3683395792320103,-0.12040162814197207,1.178044294463141
-0.7582968175202123,-0.9245479150028225,2.6472696060030834,-0.6774065010125504,2.9968133792159954,-0.598760157282746
-0.9461392067024389,-0.9245479150028225,-1.281307818239815,-0.50873777839246,0.18005283039855494,-0.9471531870368415
-0.0820642164641963,-0.08472018292386711,-0.6664000474887527,0.43580706828004645,1.607211508466058,-0.25036712752865053
0.744442295937601,0.7551075491550883,-0.08565381955719382,1.3466181704285347,2.9968133792159954,0.44641893197954047
-0.49531747266509496,0.08324536349192396,0.6317385796523789,0.33460583470799216,0.6307345182093455,0.27222241710249273
-1.0212761623753297,-0.25268572933965816,-0.83720776158627,-0.6774065010125504,-0.3832992793649332,-1.0168317929876607
0.5565999067553743,1.0910386419866704,0.11931543735982696,-0.17140033315227912,0.44295048162151607,-0.3897243394302887
-0.7958652953566576,-0.387058166472291,-0.08565381955719382,-0.879808968156659,-0.5710833159527625,-0.5639208543073365
-0.1947696499735323,0.4191764563235061,1.6907464070569862,-0.40753654482040574,0.18005283039855494,0.5857761438811787
-0.5704544283379857,-0.2862788386228164,0.4267693227353581,-1.284613902444876,-1.32221946230408,-1.365224822741756
0.9322846851198276,1.326190406968778,3.808762061866201,-0.879808968156659,-0.9090945818108555,-1.365224822741756
-1.1339815958846655,-1.5964101006659868,-1.281307818239815,-0.8460752236326409,-1.1344354257162506,-0.42456364240569827
0.5565999067553743,-0.25268572933965816,0.2559616086378408,0.9080794916162996,0.3678368669863843,1.944508959922151
2.096907498049633,1.7964939369329929,0.7683847509303927,2.0550268054329144,1.04385939870257,1.1083656885123219
2.096907498049633,1.7964939369329929,0.7683847509303927,2.0550268054329144,1.04385939870257,1.1083656885123219
1.420674896993617,0.7551075491550883,1.6565848642374827,0.3683395792320103,0.9311889767498724,0.9690084766106837
-0.7582968175202123,0.7551075491550883,2.6472696060030834,1.009280725188354,2.9968133792159954,-0.598760157282746
0.3687575175731477,1.0910386419866704,-0.42726924775222846,2.695967951389258,2.245677232864678,0.09802590222544498
0.3687575175731477,1.0910386419866704,1.6224233214179793,2.0212930609088966,0.7434049401620431,0.09802590222544498
-0.0820642164641963,-0.7565823685870314,-0.5980769618497458,-0.6774065010125504,-0.7588673525405919,-0.8774745810860224
0.29362056190025704,-0.08472018292386711,0.08515389454032349,-0.0027316105321886944,-0.0077312061892744425,-0.5290815513319269
0.29362056190025704,0.9902593141371957,0.08515389454032349,1.009280725188354,1.1189730133377018,0.09802590222544498
-0.9461392067024389,-0.42065127575544925,-1.1105001041422977,-0.34006905577236957,-1.1344354257162506,0.09802590222544498
-0.1947696499735323,0.25121090990771505,-0.7688846759472631,0.33460583470799216,-0.7588673525405919,0.794811961733636
0.9322846851198276,1.2590041884024614,0.5975770368328754,0.33460583470799216,0.7434049401620431,-0.25036712752865053
-0.7582968175202123,-0.7901754778701896,-0.6322385046692492,-0.13766658862826103,-0.5335265086351967,-0.9471531870368415
-0.382612039155759,-0.2862788386228164,-0.11981536237669728,0.7056770244721912,0.4053936743039502,-0.598760157282746
0.3687575175731477,-0.11831329220702533,0.05099235172082003,1.8863580828128241,1.7198819304187558,-0.25036712752865053
-1.3218239850668922,-0.08472018292386711,-1.4521155323373323,-1.3520813914929122,-1.5100034988919093,-0.07617061265160277
-0.5704544283379857,0.25121090990771505,-0.7688846759472631,-1.0147439462527312,-0.7588673525405919,0.27222241710249273
0.3687575175731477,1.4269697348182526,0.08515389454032349,0.16593711208790174,0.18005283039855494,-0.25036712752865053
-0.833433773193103,-0.25268572933965816,-1.4521155323373323,-1.3520813914929122,-1.5100034988919093,-0.7729566721597938
0.6693053402647103,1.0910386419866704,-0.42726924775222846,-0.50873777839246,-0.3832992793649332,-0.7729566721597938
-0.8710022510295483,-0.5214306036049239,-0.9396923900447803,-0.50873777839246,-0.9466513891284213,-0.7381173691843842
-0.49531747266509496,0.1504315820582404,0.7683847509303927,-0.50873777839246,0.18005283039855494,-1.0865103989384797
0.2560520840638117,-0.25268572933965816,0.5975770368328754,2.527299228769168,0.18005283039855494,-0.8426352781106129
-0.8710022510295483,0.1504315820582404,-0.5297538762107389,-0.9472764572046951,-0.8715377744932895,-0.14584921860242187
1.0074216407927183,1.8300870462161511,0.15347698017933042,-0.2726015667243334,-0.12040162814197207,-0.8426352781106129
0.18091512839092103,-0.25268572933965816,-0.08565381955719382,0.9418132361403178,-0.0077312061892744425,0.8993298706598646
-1.1339815958846655,-1.0925134614186136,-1.1105001041422977,-0.50873777839246,-1.1344354257162506,0.5857761438811787
-0.382612039155759,-0.7565823685870314,-0.42726924775222846,0.8406120025682635,-0.0077312061892744425,1.9793482628975607
-0.9461392067024389,-0.42065127575544925,-1.1105001041422977,-1.3520813914929122,-1.1344354257162506,-0.25036712752865053
0.18091512839092103,1.2590041884024614,-0.25646153365471114,-0.50873777839246,-0.1955152427771038,1.5612766271926461
-0.9461392067024389,-1.932341193497569,-1.793730960532367,-1.5207501141130026,-1.6977875354797387,-0.9471531870368415
-0.7582968175202123,-0.8237685871533478,-0.3589461621132215,-0.913542712680677,-0.6837537379054601,-0.7729566721597938
-0.7582968175202123,-0.48783749432176565,2.7155926916420903,-0.5762052674404962,2.6963589206754683,-1.1213497019138892
-0.006927260791305636,0.7551075491550883,-0.08565381955719382,-0.8460752236326409,-0.5710833159527625,-0.7729566721597938
1.1201270743020544,1.5949352812340436,0.9391924650279101,-0.50873777839246,0.5556209035742137,-1.1213497019138892
-1.2091185515575562,-1.2604790078344046,-0.7005615903082562,-1.0147439462527312,0.0673824084458573,-1.4000641257171655
-0.0820642164641963,-0.25268572933965816,0.6659001224718823,-0.6774065010125504,2.3207908474998096,-0.8774745810860224
-1.1339815958846655,-0.7565823685870314,-1.281307818239815,-0.6774065010125504,-1.32221946230408,-1.1213497019138892
-0.006927260791305636,0.9230730955708794,0.5975770368328754,0.33460583470799216,0.7434049401620431,-0.7729566721597938
-1.1339815958846655,-1.4284445542501958,-0.5980769618497458,-0.17140033315227912,0.18005283039855494,-1.8181357614220803
-0.382612039155759,-1.0925134614186136,0.2559616086378408,0.671943279948173,1.1189730133377018,-1.295546216790937
-0.833433773193103,-1.1261065707017717,-1.1105001041422977,0.03100213399182939,-1.1344354257162506,0.3419010230533118
-0.0820642164641963,-0.4542443850386075,-0.42726924775222846,1.380351914952553,-0.3832992793649332,1.7354731420696938
-0.006927260791305636,-0.08472018292386711,-0.7688846759472631,-0.8460752236326409,-0.7588673525405919,-0.598760157282746
1.871496631030961,1.5949352812340436,0.2559616086378408,-0.50873777839246,-0.3832992793649332,-0.25036712752865053
-1.058844640211775,-1.5964101006659868,-1.1788231897813046,-1.3520813914929122,-1.2095490403513824,-1.2258676108401179
-0.6831598618473216,-1.2604790078344046,-0.83720776158627,-1.0147439462527312,-0.8339809671757237,-0.1806885215778314
0.06820969488158503,1.4269697348182526,0.8708693793889031,-0.6774065010125504,1.04385939870257,0.1677045081762641
-0.7207283396837669,-0.8573616964365061,0.5975770368328754,0.40207332375602833,1.4945410865133606,1.1432049914877314
0.744442295937601,-0.5886168221712403,0.2559616086378408,0.671943279948173,1.4945410865133606,-0.25036712752865053
1.1201270743020544,1.4269697348182526,0.5975770368328754,-1.0147439462527312,-0.3832992793649332,0.44641893197954047
-1.6975087634313455,-1.4284445542501958,-1.1105001041422977,-1.6894188367330931,-1.5100034988919093,0.44641893197954047
0.18091512839092103,1.5949352812340436,2.3056541778080484,-0.34006905577236957,0.7434049401620431,-0.9471531870368415
-0.5704544283379857,-0.7565823685870314,0.2559616086378408,-0.0027316105321886944,-0.9466513891284213,-1.8181357614220803
0.5565999067553743,-0.08472018292386711,1.2808078932229447,1.009280725188354,0.18005283039855494,-1.1213497019138892
-0.5704544283379857,-0.5886168221712403,1.9640387496130138,-1.3520813914929122,2.245677232864678,-2.1665287911761757
0.9322846851198276,0.5871420027392972,0.7683847509303927,0.8406120025682635,0.9311889767498724,-0.2852064305040601
0.9322846851198276,0.5871420027392972,0.7683847509303927,0.8406120025682635,0.9311889767498724,0.9690084766106837
-0.382612039155759,-0.5886168221712403,0.9391924650279101,-0.34006905577236957,1.1189730133377018,-0.25036712752865053
-0.1947696499735323,1.2590041884024614,-0.25646153365471114,0.16593711208790174,0.9311889767498724,-0.07617061265160277
-0.382612039155759,0.016059144925607536,2.1348464637105313,0.7056770244721912,0.5556209035742137,-1.0865103989384797
-0.1947696499735323,0.6879213305887718,-0.32478461929371805,-1.0147439462527312,0.10493921576342317,1.0038477795860932
-0.5704544283379857,0.4191764563235061,0.2559616086378408,-0.6774065010125504,1.3067570499255312,1.0038477795860932
-0.0820642164641963,0.9230730955708794,-0.08565381955719382,-0.0027316105321886944,-0.0077312061892744425,0.8644905676844551
0.29362056190025704,-0.5886168221712403,0.4267693227353581,2.189961783528987,0.7809617474796089,-1.0865103989384797
-0.006927260791305636,1.7964939369329929,0.9391924650279101,0.5370083018521007,0.7434049401620431,-0.9471531870368415
-0.9461392067024389,-0.7565823685870314,-0.25646153365471114,-0.8460752236326409,-0.9466513891284213,-0.7729566721597938
-0.5704544283379857,-0.08472018292386711,0.5975770368328754,-0.17140033315227912,-0.0077312061892744425,-0.07617061265160277
0.18091512839092103,1.0910386419866704,1.7932310355154966,1.009280725188354,1.3067570499255312,0.6206154468565882
-0.006927260791305636,1.2590041884024614,0.4267693227353581,0.8406120025682635,0.18005283039855494,2.188384080750018
-0.006927260791305636,0.25121090990771505,0.08515389454032349,2.0212930609088966,1.68232512310119,0.9690084766106837
-0.006927260791305636,1.7629008276498346,1.451615607320462,0.5032745573280826,0.9311889767498724,0.27222241710249273
-0.006927260791305636,-0.08472018292386711,1.451615607320462,0.8406120025682635,2.245677232864678,0.6206154468565882
-1.0212761623753297,-1.630003209949145,-1.4179539895178288,-1.3858151360169302,-1.4724466915743435,-1.0516710959630702
-1.0212761623753297,-1.630003209949145,1.9982002924325173,-1.3858151360169302,2.283234040182244,-1.0516710959630702
2.5101607542505318,1.9980525926319421,1.1783232647644344,1.447819404000589,0.7058481328444771,1.0386870825615029
2.5101607542505318,1.191817969836145,0.563415494013372,2.2574292725770233,1.3818706645606629,1.0386870825615029
1.4582433748300623,-0.8237685871533478,-0.8713693044057734,1.9200918273368421,2.283234040182244,1.24772290041396
1.3831064191571716,2.0652388111982587,2.271492634988545,-0.5762052674404962,-0.6461969305878943,0.4115796290041309
0.030641217045139696,1.9980525926319421,-1.212984732600808,2.2574292725770233,-1.2471058476689483,2.9200094432336186
0.48146295108248366,0.3855833470403479,-0.05149227673769036,3.471844075441674,0.02982560112829143,0.5509368409057691
1.0074216407927183,0.7887006584382464,1.0416770934864203,1.2454169368564805,1.1565298206552677,-0.21552782455324096
-0.42018051699220427,3.4761494010909035,1.9982002924325173,-0.3738028002963876,-1.4724466915743435,1.4567587182664175
5.74104984818483,0.7887006584382464,-0.6664000474887527,0.9080794916162996,-0.6461969305878943,-0.8426352781106129
1.0074216407927183,0.9902593141371957,0.9733540078474135,1.9200918273368421,0.7058481328444771,0.4115796290041309
0.3687575175731477,0.5871420027392972,1.451615607320462,2.0212930609088966,1.68232512310119,-0.07617061265160277
0.744442295937601,1.5949352812340436,0.2559616086378408,0.671943279948173,0.7434049401620431,2.01418756587297
-0.11963269430064163,-0.15190640149018353,-0.1881384480157042,0.09846962303986556,-0.12040162814197207,0.20254381115167364
0.10577817271803036,-0.15190640149018353,0.016830808901316566,1.9200918273368421,0.10493921576342317,1.874830353971332
-0.34504356131931363,1.7964939369329929,4.731123717992794,-0.5762052674404962,1.1565298206552677,-1.8878143673728993
-0.6455913840108762,1.66212149980036,-0.6664000474887527,2.7297016959132763,0.3302800596688184,1.3870801123155982
0.6693053402647103,1.1582248605529868,0.08515389454032349,1.07674821423639,0.3678368669863843,2.641295019430342
-0.9085707288659937,-0.42065127575544925,-0.25646153365471114,-0.50873777839246,-1.32221946230408,-1.1561890048892989
2.435023798577641,2.1996112483308914,2.408138806266559,0.33460583470799216,-0.1955152427771038,-1.1561890048892989
-0.7582968175202123,-0.42065127575544925,-0.7688846759472631,-1.0147439462527312,-1.1344354257162506,-0.07617061265160277
-0.006927260791305636,0.25121090990771505,-0.08565381955719382,-0.50873777839246,-0.3832992793649332,0.44641893197954047
1.1201270743020544,1.5949352812340436,0.5975770368328754,-0.34006905577236957,-0.0077312061892744425,0.6206154468565882
-0.7582968175202123,-0.21909262005649996,-1.1105001041422977,-1.0147439462527312,-1.1344354257162506,0.06318659925003543
-0.1947696499735323,0.2848040191908732,-0.42726924775222846,-0.50873777839246,-0.3832992793649332,0.9341691736352742
0.3687575175731477,1.2925972976856197,0.08515389454032349,-0.17140033315227912,0.18005283039855494,1.8051517480205128
-0.7582968175202123,-1.2604790078344046,-1.1105001041422977,-0.0027316105321886944,-1.1344354257162506,0.09802590222544498
-0.1947696499735323,-0.5886168221712403,-0.5980769618497458,0.8406120025682635,-0.5710833159527625,0.794811961733636
-0.006927260791305636,0.25121090990771505,-0.25646153365471114,1.8526243382888061,-0.1955152427771038,1.8399910509959225
-0.006927260791305636,-0.7565823685870314,-0.5980769618497458,-1.1834126688728217,-1.32221946230408,-1.4697427316679847
1.871496631030961,0.5871420027392972,0.7683847509303927,-0.50873777839246,0.18005283039855494,-1.6439392465450324
-1.2091185515575562,-1.025327242852297,-1.281307818239815,-1.250880157920858,-1.32221946230408,-0.3548850364548792
-0.0820642164641963,-0.35346505718913285,-0.5980769618497458,-0.913542712680677,-0.5710833159527625,0.3419010230533118
1.0449901186291637,0.31839712847403145,1.1100001791254273,-0.5762052674404962,0.5556209035742137,-0.00649200670078367
-1.6975087634313455,-1.932341193497569,-1.793730960532367,-1.5207501141130026,-0.9466513891284213,-0.7729566721597938
-0.7582968175202123,-1.4284445542501958,0.2559616086378408,-0.6774065010125504,0.7434049401620431,-1.295546216790937
-0.382612039155759,-1.0925134614186136,1.2808078932229447,0.33460583470799216,1.8701091596890191,0.794811961733636
-1.1339815958846655,-1.6635963192323031,-1.5204386179763392,-0.7786077345846046,-0.6837537379054601,-0.598760157282746
-0.006927260791305636,-0.6558030407375568,-0.4955923333912354,0.5707420463761188,0.8185185547971747,0.794811961733636
-1.1339815958846655,-1.2604790078344046,-0.42726924775222846,-1.0147439462527312,-0.3832992793649332,-1.992332276299128
-0.382612039155759,-0.9245479150028225,0.5975770368328754,0.33460583470799216,1.8701091596890191,-0.25036712752865053
-1.058844640211775,-1.2604790078344046,-0.5980769618497458,-1.0147439462527312,-0.9466513891284213,-0.6684387632335651
0.06820969488158503,0.08324536349192396,0.9391924650279101,-0.34006905577236957,0.7434049401620431,0.7251333557828169
-0.7582968175202123,-0.4542443850386075,-0.7688846759472631,-1.0822114353007675,-1.2095490403513824,-0.8077959751352033
0.744442295937601,1.2590041884024614,0.5975770368328754,-0.7448739900605866,-0.0828448208244062,0.23738311412708318
-0.42018051699220427,-1.0925134614186136,-0.7688846759472631,-1.0147439462527312,-0.7588673525405919,-1.4349034286925753
-0.04449573862775097,0.4191764563235061,-0.42726924775222846,0.671943279948173,-0.3832992793649332,1.874830353971332
-1.509666374249119,-1.2604790078344046,-0.7688846759472631,-1.0147439462527312,-0.7588673525405919,-1.295546216790937
0.3687575175731477,-0.5886168221712403,0.5975770368328754,-0.34006905577236957,-0.0077312061892744425,-0.598760157282746
1.4958118526665076,0.08324536349192396,1.6224233214179793,0.33460583470799216,0.7434049401620431,-1.295546216790937
-1.1339815958846655,-1.2604790078344046,0.2559616086378408,-1.0147439462527312,-1.1344354257162506,-1.6439392465450324
-0.006927260791305636,1.0910386419866704,0.2559616086378408,0.8406120025682635,-0.3832992793649332,0.09802590222544498
1.4958118526665076,0.25121090990771505,0.2559616086378408,1.009280725188354,0.3678368669863843,-1.295546216790937
-0.6831598618473216,-0.689396150020715,0.08515389454032349,-1.1834126688728217,-0.7588673525405919,-0.7381173691843842
0.06820969488158503,0.9902593141371957,1.7932310355154966,-0.17140033315227912,-0.0077312061892744425,0.13286520520085454
-0.006927260791305636,0.25121090990771505,-0.5980769618497458,0.5032745573280826,0.9311889767498724,0.6206154468565882
-1.0964131180482202,-0.48783749432176565,-1.1105001041422977,-1.0147439462527312,-1.5100034988919093,-0.041331309676193216
-0.34504356131931363,1.5277490626677273,-0.42726924775222846,-0.34006905577236957,-0.7588673525405919,2.3974198986024753
-1.1339815958846655,-1.327665226400721,-1.281307818239815,-0.542471522916478,-1.32221946230408,-0.9471531870368415
0.18091512839092103,0.6879213305887718,-0.08565381955719382,1.4815531485246072,-0.0077312061892744425,0.27222241710249273
-0.7582968175202123,-0.42065127575544925,-0.9396923900447803,-0.6774065010125504,-0.7588673525405919,-0.7729566721597938
1.1201270743020544,1.2590041884024614,-0.25646153365471114,0.671943279948173,0.7434049401620431,-0.07617061265160277
-0.7582968175202123,-0.3198719479059746,-0.42726924775222846,-0.6774065010125504,-0.7588673525405919,-1.2258676108401179
0.3687575175731477,1.359783516251936,0.5975770368328754,-0.0027316105321886944,0.3678368669863843,-0.8774745810860224
-1.1339815958846655,-1.0925134614186136,-0.9396923900447803,0.13220336756388365,-0.6086401232703285,-0.598760157282746
-0.382612039155759,-0.42065127575544925,-0.25646153365471114,2.1562280390049686,1.644768315783624,0.09802590222544498
-1.058844640211775,-1.5964101006659868,-0.9396923900447803,-0.4750040338684419,-0.6461969305878943,-0.9819924900122511
-0.49531747266509496,-1.2604790078344046,-0.25646153365471114,0.5370083018521007,0.10493921576342317,-0.6335994602581556
-0.49531747266509496,0.4191764563235061,0.7683847509303927,2.223695528053005,1.2316434352903993,-1.3303855197663466
-0.9461392067024389,-1.0925134614186136,-1.4521155323373323,-0.50873777839246,-1.1344354257162506,-0.598760157282746
-0.1947696499735323,-0.5886168221712403,-0.9396923900447803,0.16593711208790174,-0.5710833159527625,0.09802590222544498
0.9322846851198276,1.4269697348182526,-0.25646153365471114,0.8406120025682635,0.18005283039855494,-0.25036712752865053
0.857147729446937,0.4191764563235061,0.9733540078474135,-0.34006905577236957,0.4053936743039502,0.9690084766106837
-0.006927260791305636,1.0910386419866704,0.9391924650279101,-0.6774065010125504,-0.3832992793649332,-0.598760157282746
-0.382612039155759,0.5871420027392972,-0.7688846759472631,2.527299228769168,2.245677232864678,-1.295546216790937
-0.3074750834828683,1.9308663740656258,0.7683847509303927,-0.07019909958022487,0.44295048162151607,-0.07617061265160277
0.3687575175731477,0.25121090990771505,0.08515389454032349,1.3466181704285347,1.1189730133377018,0.09802590222544498
-0.4577489948286496,0.5871420027392972,2.476461891905566,-0.6774065010125504,1.3067570499255312,-1.295546216790937
-0.9461392067024389,-1.2604790078344046,-1.1105001041422977,-0.6774065010125504,-0.3457424720473673,-1.1561890048892989
-0.1947696499735323,-0.5886168221712403,0.08515389454032349,1.3466181704285347,1.9076659670065852,-0.11100991562701232
-0.1947696499735323,0.7551075491550883,0.9391924650279101,-0.0027316105321886944,-0.3832992793649332,0.27222241710249273
-0.833433773193103,0.7887006584382464,0.7683847509303927,0.7056770244721912,0.5556209035742137,-1.8181357614220803
-1.509666374249119,-1.7643756470817777,-1.281307818239815,-0.8460752236326409,-1.5100034988919093,-1.6439392465450324
-0.006927260791305636,-0.42065127575544925,-0.42726924775222846,1.8526243382888061,0.7434049401620431,-0.07617061265160277
1.1201270743020544,1.5949352812340436,2.1348464637105313,-1.6894188367330931,-1.885571572067568,0.09802590222544498
0.18091512839092103,0.08324536349192396,1.2808078932229447,-0.17140033315227912,0.7434049401620431,-0.598760157282746
-0.382612039155759,-0.42065127575544925,-0.5980769618497458,1.1779494478084442,0.9311889767498724,0.9690084766106837
-0.4577489948286496,0.5871420027392972,-0.4955923333912354,-0.0027316105321886944,-0.4584128940000649,1.0386870825615029
0.06820969488158503,0.08324536349192396,-0.8030462187667665,-1.0147439462527312,-0.7964241598581578,-0.9471531870368415
1.9466335867038516,1.7629008276498346,-0.11981536237669728,0.33460583470799216,-0.045288013506840315,-1.295546216790937
0.744442295937601,0.7551075491550883,0.5975770368328754,0.33460583470799216,-0.0077312061892744425,0.27222241710249273
0.744442295937601,0.7551075491550883,0.5975770368328754,0.671943279948173,0.3678368669863843,-0.42456364240569827
0.744442295937601,0.4191764563235061,0.9391924650279101,-0.0027316105321886944,0.3678368669863843,0.27222241710249273
0.744442295937601,0.4191764563235061,0.9391924650279101,0.33460583470799216,0.7434049401620431,-0.42456364240569827
-0.006927260791305636,0.5871420027392972,1.451615607320462,1.6839556156687157,-0.7588673525405919,0.6206154468565882
-1.5848033299220097,-0.5886168221712403,-1.4521155323373323,-1.0147439462527312,-1.5100034988919093,0.5160975379303596
-0.0820642164641963,0.08324536349192396,-0.7688846759472631,-0.34006905577236957,-0.7588673525405919,1.2128835974385506
0.6693053402647103,1.4269697348182526,0.08515389454032349,1.009280725188354,0.18005283039855494,2.6064557164549327
0.8195792516104917,1.4269697348182526,1.451615607320462,0.33460583470799216,1.68232512310119,2.4670985045532943
0.8195792516104917,1.4269697348182526,1.451615607320462,0.33460583470799216,1.68232512310119,2.4670985045532943
2.622866187759868,0.25121090990771505,0.7683847509303927,2.527299228769168,0.9311889767498724,2.188384080750018
-0.382612039155759,0.4191764563235061,-0.42726924775222846,-0.5762052674404962,-0.7588673525405919,0.1677045081762641
1.1201270743020544,1.7629008276498346,0.9391924650279101,-0.2388678222003153,-0.3832992793649332,1.0386870825615029
1.307969463484281,1.4269697348182526,1.1100001791254273,-0.0027316105321886944,0.9311889767498724,1.3174015063647793
0.3687575175731477,0.7551075491550883,-0.7688846759472631,1.009280725188354,-0.7588673525405919,4.627135289028686
4.876974857946587,0.7551075491550883,-0.7688846759472631,1.009280725188354,-0.7588673525405919,0.44641893197954047
1.1201270743020544,2.266797466897208,1.9640387496130138,-0.17140033315227912,1.4945410865133606,-1.295546216790937
1.1201270743020544,-0.42065127575544925,-0.42726924775222846,2.527299228769168,0.3678368669863843,2.188384080750018
1.1201270743020544,0.08324536349192396,0.2559616086378408,0.33460583470799216,0.3678368669863843,0.44641893197954047
1.2328325078113904,0.9230730955708794,-0.017330733918186896,1.1779494478084442,0.18005283039855494,-0.07617061265160277
-0.006927260791305636,1.9308663740656258,0.7683847509303927,-0.8460752236326409,-0.0077312061892744425,0.6206154468565882
2.2471814093954143,2.098831920481417,1.1100001791254273,-0.8460752236326409,0.3678368669863843,-0.598760157282746
1.871496631030961,1.1582248605529868,-0.25646153365471114,0.33460583470799216,0.18005283039855494,0.3767403260287214
0.3687575175731477,1.7629008276498346,-0.42726924775222846,-1.0147439462527312,0.3678368669863843,1.8399910509959225
0.5565999067553743,1.2590041884024614,0.7683847509303927,-0.17140033315227912,-0.1955152427771038,0.6206154468565882
0.1433466505544757,1.2590041884024614,-0.08565381955719382,2.189961783528987,0.3678368669863843,1.3522408093401888
-1.1339815958846655,-0.555023712888082,-0.6322385046692492,-0.8460752236326409,-0.9466513891284213,-0.07617061265160277
-0.34504356131931363,0.08324536349192396,-0.32478461929371805,-0.34006905577236957,-0.2706288574122356,0.5509368409057691
0.21848360622736637,1.0910386419866704,-0.08565381955719382,0.3683395792320103,-0.0077312061892744425,1.944508959922151
-0.11963269430064163,-1.0925134614186136,-0.4614307905717319,-0.2388678222003153,-1.1344354257162506,-1.0865103989384797
0.406325995409593,-0.7565823685870314,0.18763852299883388,0.671943279948173,-0.4584128940000649,-0.6335994602581556
1.2704009856478358,-0.08472018292386711,0.9391924650279101,1.3466181704285347,0.18005283039855494,-0.041331309676193216
-0.5704544283379857,-0.42065127575544925,-0.9396923900447803,-0.6774065010125504,-0.9466513891284213,-0.598760157282746
-0.006927260791305636,0.25121090990771505,-0.25646153365471114,-0.17140033315227912,-0.3832992793649332,-0.07617061265160277
0.5565999067553743,1.4269697348182526,0.2559616086378408,0.5032745573280826,0.18005283039855494,0.6206154468565882
-0.608022906174431,-1.0925134614186136,-1.1105001041422977,-1.1834126688728217,-0.9466513891284213,-1.1213497019138892
1.4958118526665076,0.7551075491550883,0.08515389454032349,-0.3738028002963876,0.3678368669863843,-0.07617061265160277
-1.3218239850668922,-1.2268858985512463,-0.9396923900447803,-1.3858151360169302,-1.1344354257162506,-1.6439392465450324
-0.382612039155759,0.04965225420876575,0.6659001224718823,-0.6099390119645143,0.5931777108917795,-1.1213497019138892
-1.396960940739783,-1.0589203521354553,-1.1105001041422977,-1.655685092209075,-1.6977875354797387,-0.7729566721597938
0.030641217045139696,0.8222937677214047,0.18763852299883388,-0.6099390119645143,-0.5710833159527625,0.8644905676844551
-0.9461392067024389,-0.9245479150028225,-1.793730960532367,-1.0147439462527312,-1.6977875354797387,-0.25036712752865053
-0.382612039155759,-0.08472018292386711,-1.1105001041422977,-0.6774065010125504,-1.1344354257162506,0.6206154468565882
-0.006927260791305636,1.2590041884024614,-0.08565381955719382,-0.0027316105321886944,-0.3832992793649332,1.3174015063647793
-0.7582968175202123,-0.9245479150028225,-0.9396923900447803,-1.0147439462527312,-0.9466513891284213,0.27222241710249273
0.1433466505544757,-0.08472018292386711,-0.08565381955719382,-0.17140033315227912,0.18005283039855494,1.5264373242172364
-1.2466870293940016,-0.7565823685870314,-0.08565381955719382,-1.3520813914929122,-0.5710833159527625,-0.07617061265160277
-0.49531747266509496,0.08324536349192396,1.451615607320462,-0.6774065010125504,0.3678368669863843,0.9690084766106837
-1.0964131180482202,-1.4284445542501958,-0.9396923900447803,-0.40753654482040574,-0.7213105452230261,-1.295546216790937
-0.6831598618473216,-0.8237685871533478,-0.42726924775222846,0.267138345659956,0.29272325235125257,-1.1910283078647084
0.29362056190025704,-0.2862788386228164,0.5975770368328754,1.8526243382888061,1.4569842791957945,-0.9819924900122511
0.44389447324603837,0.6207351120224553,-0.7347231331277596,-0.8460752236326409,-0.7213105452230261,0.8644905676844551
-0.5704544283379857,-0.7565823685870314,0.08515389454032349,-1.1834126688728217,-1.32221946230408,-1.4697427316679847
-0.382612039155759,-0.5886168221712403,0.9391924650279101,-1.1834126688728217,-0.1955152427771038,-1.1213497019138892
1.1201270743020544,0.7551075491550883,1.9640387496130138,-0.8460752236326409,0.7434049401620431,-1.1213497019138892
-1.1339815958846655,-0.9245479150028225,-1.1105001041422977,-0.6774065010125504,-1.1344354257162506,-1.1213497019138892
0.5565999067553743,-0.5886168221712403,0.9391924650279101,1.8526243382888061,0.3678368669863843,0.27222241710249273
0.18091512839092103,1.5949352812340436,0.2559616086378408,-0.34006905577236957,1.1189730133377018,0.6206154468565882
-0.34504356131931363,-1.5628169913828285,-1.0763385613227943,-0.3738028002963876,-1.32221946230408,-0.7729566721597938
1.4582433748300623,-0.4542443850386075,0.6317385796523789,1.1104819587604082,0.4805072889390819,-0.7729566721597938
-1.1339815958846655,-1.2604790078344046,-1.281307818239815,-0.50873777839246,-1.1344354257162506,0.09802590222544498
-0.006927260791305636,-0.25268572933965816,-0.42726924775222846,1.1779494478084442,-0.3832992793649332,2.01418756587297
-0.382612039155759,0.016059144925607536,-0.42726924775222846,-1.0147439462527312,-0.7213105452230261,-0.5639208543073365
0.3687575175731477,1.4269697348182526,0.5975770368328754,-0.34006905577236957,-0.0077312061892744425,0.6206154468565882
-1.1339815958846655,-0.42065127575544925,-1.281307818239815,-1.0147439462527312,-1.32221946230408,0.27222241710249273
-0.26990660564642294,0.5871420027392972,-0.25646153365471114,0.33460583470799216,0.0673824084458573,1.491598021241827
-1.1339815958846655,-0.42065127575544925,-1.4521155323373323,-0.8460752236326409,-1.32221946230408,-0.25036712752865053
-0.5704544283379857,1.2590041884024614,-0.08565381955719382,0.33460583470799216,-0.0077312061892744425,0.794811961733636
-1.1339815958846655,-1.2604790078344046,-1.281307818239815,-0.6774065010125504,1.1189730133377018,0.09802590222544498
0.3687575175731477,-0.25268572933965816,-0.25646153365471114,0.33460583470799216,1.8701091596890191,1.1432049914877314
-0.006927260791305636,0.7551075491550883,1.451615607320462,-1.1834126688728217,-0.5710833159527625,0.27222241710249273
-0.7582968175202123,-0.5214306036049239,-1.1105001041422977,-0.2726015667243334,-1.1344354257162506,-0.598760157282746
-0.1947696499735323,1.0238524234203539,-0.25646153365471114,1.2791506813804987,-0.1955152427771038,0.27222241710249273
-1.0964131180482202,-0.9245479150028225,-0.42726924775222846,-1.3183476469688942,-0.4584128940000649,-1.295546216790937
0.18091512839092103,-0.9245479150028225,0.4267693227353581,1.5152868930486252,1.1189730133377018,-0.7729566721597938
-1.509666374249119,-1.4284445542501958,-1.4521155323373323,-0.50873777839246,-1.5100034988919093,0.27222241710249273
0.9322846851198276,-0.5886168221712403,-0.42726924775222846,1.043014469712372,-0.3832992793649332,1.3174015063647793
-0.7582968175202123,-1.0925134614186136,-0.9396923900447803,-1.1834126688728217,-0.2330720500946697,-0.32004573347946963
-0.1947696499735323,-0.7565823685870314,-0.5980769618497458,-0.8460752236326409,0.44295048162151607,0.3767403260287214
0.5565999067553743,-0.08472018292386711,0.15347698017933042,-0.0027316105321886944,1.3067570499255312,0.9341691736352742
-2.2610359309780255,-0.7565823685870314,-1.6229232464348495,-1.1834126688728217,-1.6977875354797387,0.9690084766106837
-1.3218239850668922,0.7551075491550883,-0.7688846759472631,-0.6774065010125504,-0.0077312061892744425,1.8399910509959225
-0.006927260791305636,0.8558868770045629,0.4267693227353581,-0.34006905577236957,0.5556209035742137,0.5160975379303596
-0.006927260791305636,-1.0925134614186136,-1.1105001041422977,-0.8460752236326409,-1.1344354257162506,0.27222241710249273
1.1201270743020544,-0.25268572933965816,-0.017330733918186896,-0.5762052674404962,-0.3081856647298014,1.1432049914877314
-0.9461392067024389,-0.25268572933965816,-0.32478461929371805,-1.3520813914929122,-0.9466513891284213,-0.7032780662089747
0.3687575175731477,1.3933766255350943,0.5975770368328754,-0.542471522916478,-0.12040162814197207,0.794811961733636
-0.006927260791305636,0.5871420027392972,-0.25646153365471114,0.5032745573280826,-0.1955152427771038,1.874830353971332
-0.006927260791305636,0.25121090990771505,2.476461891905566,-0.34006905577236957,-0.5710833159527625,-0.07617061265160277
-0.833433773193103,-1.4284445542501958,-1.0421770185032908,1.1779494478084442,-0.3832992793649332,-0.25036712752865053
0.48146295108248366,-0.7565823685870314,0.5975770368328754,2.0212930609088966,0.4053936743039502,0.6554547498319978
-0.7582968175202123,-0.555023712888082,-0.42726924775222846,-1.3520813914929122,-0.5710833159527625,-1.1561890048892989
0.06820969488158503,0.7887006584382464,0.9391924650279101,-0.6774065010125504,1.006302591385004,0.02834729627462588
0.44389447324603837,1.2590041884024614,0.05099235172082003,0.16593711208790174,-0.2330720500946697,0.794811961733636
1.420674896993617,-0.3198719479059746,-0.9396923900447803,-1.3520813914929122,-1.1344354257162506,-0.8426352781106129
3.7499205228532277,1.191817969836145,-0.25646153365471114,-0.8460752236326409,-0.5710833159527625,0.20254381115167364
0.744442295937601,0.8222937677214047,0.016830808901316566,0.267138345659956,-0.1955152427771038,0.09802590222544498
2.998550966124321,0.7551075491550883,1.451615607320462,-0.17140033315227912,-0.1955152427771038,-1.1213497019138892
-0.0820642164641963,-0.9245479150028225,-0.42726924775222846,1.6839556156687157,0.9311889767498724,0.5160975379303596
1.4958118526665076,1.2590041884024614,0.2559616086378408,-0.6774065010125504,0.7434049401620431,0.794811961733636
2.2471814093954143,-0.08472018292386711,-0.42726924775222846,-0.8460752236326409,1.1189730133377018,-1.6439392465450324
1.871496631030961,0.4191764563235061,-0.08565381955719382,1.3466181704285347,-0.0077312061892744425,-0.25036712752865053
2.0593390202131876,0.7551075491550883,0.2559616086378408,0.5032745573280826,0.18005283039855494,-0.42456364240569827
1.1201270743020544,1.9308663740656258,1.6224233214179793,-0.34006905577236957,0.5556209035742137,-0.598760157282746
1.6836542418487344,1.7964939369329929,1.9982002924325173,-0.5762052674404962,-0.6461969305878943,0.6902940528074073
1.6836542418487344,-0.42065127575544925,0.9050309222084066,-0.17140033315227912,1.68232512310119,1.5264373242172364
1.533380330502953,1.66212149980036,0.9050309222084066,0.3008720901839741,1.081416206020136,-0.42456364240569827
-0.5704544283379857,-0.7565823685870314,-0.5980769618497458,2.189961783528987,2.4334612694525073,2.362580595627066
0.5565999067553743,1.9308663740656258,0.22180006581833733,0.5032745573280826,1.3067570499255312,0.48125823495495
0.5565999067553743,0.11683847277508218,0.8367078365693996,1.7176893601927337,0.5556209035742137,1.178044294463141
0.744442295937601,1.1582248605529868,1.6224233214179793,0.06473587851584747,-0.0077312061892744425,1.3522408093401888
-0.5328859505015403,0.08324536349192396,1.4174540645009586,1.818890593764788,-0.3832992793649332,2.3974198986024753
3.148824877470102,2.098831920481417,1.2124848075839378,-0.6774065010125504,-0.0828448208244062,-0.598760157282746
0.8947162072833823,0.08324536349192396,0.46093086555486157,1.7514231047167519,0.3678368669863843,1.421919415291008
0.3687575175731477,-0.25268572933965816,-0.42726924775222846,2.3586305061490775,1.4945410865133606,1.491598021241827
1.1201270743020544,1.8972732647824675,1.2808078932229447,-0.0027316105321886944,0.5180640962566478,0.1677045081762641
-0.1947696499735323,-0.08472018292386711,-0.9396923900447803,-1.1834126688728217,-0.9466513891284213,-0.42456364240569827
0.744442295937601,0.5871420027392972,-0.22229999083520766,-0.8460752236326409,-0.1955152427771038,-0.1806885215778314
1.6836542418487344,2.266797466897208,0.6659001224718823,0.16593711208790174,0.5931777108917795,0.6902940528074073
-0.9461392067024389,-1.5964101006659868,-0.08565381955719382,0.16593711208790174,-0.0077312061892744425,-1.992332276299128
0.631736862428265,-0.5886168221712403,0.7683847509303927,2.122494294480951,0.7809617474796089,0.5857761438811787
0.5565999067553743,0.25121090990771505,0.9391924650279101,0.8406120025682635,2.4334612694525073,0.09802590222544498
0.3687575175731477,1.4269697348182526,0.2559616086378408,0.671943279948173,-0.1955152427771038,2.362580595627066
3.1863933553065475,1.0910386419866704,1.7932310355154966,-0.50873777839246,0.3678368669863843,-0.7729566721597938
-0.5704544283379857,0.08324536349192396,0.2559616086378408,2.189961783528987,1.8701091596890191,1.1432049914877314
1.307969463484281,2.0652388111982587,-0.05149227673769036,-0.50873777839246,1.1565298206552677,1.8051517480205128
0.1433466505544757,1.7629008276498346,0.5975770368328754,1.6839556156687157,-0.3832992793649332,1.7006338390942843
1.1201270743020544,1.9308663740656258,1.451615607320462,0.5032745573280826,1.1189730133377018,2.362580595627066
1.1201270743020544,0.25121090990771505,0.9391924650279101,2.189961783528987,1.68232512310119,2.362580595627066
1.082558596465609,0.1840246913413986,0.6317385796523789,1.8526243382888061,0.4805072889390819,1.4567587182664175
0.744442295937601,1.7629008276498346,0.5292539511938685,-0.0027316105321886944,1.4194274718782287,1.2825622033893698
0.3687575175731477,0.08324536349192396,1.2808078932229447,0.8406120025682635,0.3678368669863843,-0.9471531870368415
-1.1339815958846655,-1.0925134614186136,-0.9396923900447803,0.13220336756388365,-0.6086401232703285,-0.598760157282746
0.030641217045139696,-0.5886168221712403,1.144161721944931,1.7176893601927337,0.3678368669863843,0.09802590222544498
0.6693053402647103,1.6957146090835182,1.451615607320462,-0.40753654482040574,0.5931777108917795,0.44641893197954047
0.6693053402647103,-0.08472018292386711,-0.22229999083520766,2.0212930609088966,0.7434049401620431,1.3522408093401888
0.6693053402647103,0.4527695656066643,0.32428469427684775,-0.0027316105321886944,2.0578931962768485,1.1083656885123219
0.3687575175731477,1.4269697348182526,0.39260777991585466,-0.34006905577236957,0.9687457840674383,1.491598021241827
0.744442295937601,0.9230730955708794,1.9640387496130138,1.8526243382888061,-0.1955152427771038,0.6206154468565882
1.3455379413207262,0.08324536349192396,1.2808078932229447,1.6839556156687157,0.3678368669863843,-0.8077959751352033
1.307969463484281,1.2590041884024614,1.6565848642374827,-0.17140033315227912,0.8560753621147407,0.8296512647090455
2.0593390202131876,-0.15190640149018353,0.6317385796523789,2.2574292725770233,0.7058481328444771,0.27222241710249273
0.744442295937601,1.4269697348182526,0.2559616086378408,-0.07019909958022487,1.4194274718782287,1.9793482628975607
0.744442295937601,-0.18549951077334176,0.9391924650279101,1.7514231047167519,1.4194274718782287,1.0735263855369124
0.744442295937601,-0.42065127575544925,0.4267693227353581,-0.17140033315227912,0.5556209035742137,-0.25036712752865053
0.6693053402647103,0.3519902377571897,2.988885034198118,0.6044757909001368,0.6682913255269113,0.7251333557828169
